id	core_cenhap	prob	cen11_hor	ch1-1	ch1-2	ch2-1	ch2-2	ch3,6-1	ch3,6-2	ch4-1	ch4-2	ch5-1	ch5-2	ch7-1	ch7-2	ch9-1	ch9-2	ch10-1	ch10-2	ch11-1	ch11-2	ch12-1	ch12-2
ERR1019048	3/6,3/6	0.962	1.0	0.03463	0.04618	0.06192	0.06927	2.31423	1.60579	0.07242	0.04513	0.35264	0.0063	0.05982	0.0021	0.17317	0.0021	0.13644	0.02624	0.0	0.01574	0.03673	0.0042
ERR1019049	3/6,3/6	0.962	1.0	0.02907	0.04464	0.05502	0.04671	2.44158	1.54364	0.06644	0.03322	0.31765	0.00727	0.04983	0.00104	0.13184	0.0	0.14222	0.03737	0.00104	0.01869	0.04152	0.00727
ERR1347685	2,3/6	0.981, 0.931	1.0	0.01891	0.02161	9.33815	6.29331	1.48596	0.77674	0.0794	0.04969	0.27278	0.00108	0.11613	0.00162	0.1426	0.00108	0.06266	0.04699	0.00108	0.02539	0.04753	0.0135
ERR1347693	3/6,3/6	0.96	1.0	0.02822	0.03901	0.07222	0.04814	3.08124	1.65019	0.05146	0.05478	0.425	0.00498	0.07886	0.00249	0.12617	0.0	0.16435	0.0332	0.00083	0.02905	0.08882	0.00249
ERR1347701	3/6,3/6	0.933	1.0	0.04397	0.06057	0.14022	0.12031	2.82019	1.62789	0.09874	0.10869	0.45551	0.00996	0.18254	0.00332	0.34516	0.00249	0.18254	0.07301	0.00415	0.08214	0.15018	0.00996
ERR1347702	1,3/6	0.945, 0.961	1.0	3.79485	3.61448	0.06358	0.06034	1.09453	0.46	0.05904	0.06164	0.20827	0.00195	0.06293	0.0013	0.15312	0.0	0.14209	0.0519	0.0013	0.02855	0.05255	0.00324
ERR1347711	3/6,4	0.948, 0.799	1.0	0.03034	0.03455	0.19468	0.09608	1.69063	0.71637	1.33666	0.77452	0.69698	0.00674	0.09186	0.00084	0.14833	0.00169	0.11125	0.05394	0.00169	0.0472	0.07585	0.00253
ERR1347717	3/6,3/6	0.95	1.0	0.05407	0.06308	0.13317	0.13317	2.32099	1.46489	0.10113	0.09713	0.45258	0.00701	0.13117	0.003	0.30239	0.0	0.25333	0.0811	0.003	0.05908	0.13918	0.00901
ERR1347718	3/6,3/6	0.975	1.0	0.02474	0.03806	0.0999	0.07136	2.91426	1.41669	0.04091	0.09039	0.37487	0.00285	0.07041	0.0019	0.09419	0.00095	0.10085	0.03806	0.0	0.01332	0.02854	0.00095
ERR1347727	3/6,4	0.955, 0.835	1.0	0.04721	0.03489	0.14709	0.0431	1.50924	0.87845	1.33342	1.13433	0.44265	0.00137	0.07047	0.00137	0.15393	0.00068	0.10946	0.03968	0.00068	0.07731	0.02942	0.00342
ERR1347728	3/6,3/6	0.945	1.0	0.04759	0.05367	0.02835	0.07797	1.98266	1.21815	0.06278	0.04962	0.43845	0.00304	0.06379	0.00101	0.08101	0.0	0.22176	0.03342	0.00203	0.01316	0.11037	0.00101
ERR1347736	3/6,3/6	0.971	1.0	0.0405	0.05462	0.02072	0.04144	2.29886	1.5624	0.01695	0.03485	0.25993	0.00471	0.0405	0.00377	0.0857	0.00094	0.12431	0.02919	0.0	0.01224	0.25239	0.00377
ERR1395546	2,2	0.85	1.0	0.01224	0.02056	7.85969	5.64602	0.05433	0.00098	0.03475	0.0372	0.1757	0.00049	0.07831	0.00098	0.12236	0.00147	0.10474	0.03818	0.00049	0.00979	0.0279	0.05531
ERR1395551	2,2	0.962	1.0	0.02355	0.04104	7.75891	5.42848	0.11706	0.00067	0.07535	0.02826	0.27718	0.00135	0.1137	0.00067	0.18434	0.00135	0.13455	0.0444	0.00135	0.0222	0.08073	0.04104
ERR1395554	3/6,4	0.933, 0.821	1.0	0.03959	0.03783	0.17945	0.0475	1.45499	0.74069	0.63513	0.81106	0.53133	0.00264	0.14691	0.0044	0.20233	0.0	0.14427	0.03255	0.00264	0.0607	0.06422	0.0088
ERR1395557	1,2	0.961, 0.908	1.0	2.78526	2.59202	5.71603	3.9408	0.06053	0.01125	0.07993	0.05316	0.28287	0.0	0.06558	0.00078	0.13115	0.00078	0.09429	0.05006	0.00039	0.01164	0.09507	0.01979
ERR1395566	3/6,3/6	0.912	1.0	0.05188	0.04555	0.37836	0.14046	1.62731	0.67193	0.11136	0.16197	0.68712	0.01139	0.22904	0.00253	0.24549	0.00506	0.18475	0.09364	0.00506	0.062	0.10629	0.02278
ERR1395580	1,11	0.79, 0.983	1.0	2.40803	2.25161	0.28702	0.16815	0.24323	0.00547	0.14938	0.11575	0.50366	0.00704	0.36054	0.01486	0.31909	0.00235	0.22368	0.13686	2.02324	2.59886	0.1439	0.05553
ERR1395595	1,4	0.955, 0.687	1.0	3.60825	3.4012	0.12551	0.02199	0.10674	0.00483	0.87484	0.81423	0.32773	0.00751	0.02843	0.00054	0.05525	0.00054	0.08689	0.03486	0.00054	0.04452	0.02199	0.00107
ERR1395600	3/6,4	0.982, 0.798	1.0	0.02841	0.03328	0.22972	0.01623	1.26469	0.72245	0.733	0.7468	0.47	0.00081	0.03896	0.0	0.05357	0.0	0.10553	0.02111	0.0	0.05033	0.06494	0.00081
ERR1395601	3/6,3/6	0.967	1.0	0.0458	0.04199	0.0563	0.04676	3.1117	1.41319	0.02195	0.01718	0.23569	0.0	0.04103	0.00095	0.06489	0.0	0.14695	0.02004	0.0	0.01145	0.06298	0.00095
ERR1395605	2,4	0.955, 0.82	1.0	0.04841	0.01972	9.62559	6.61251	0.14046	0.0012	0.89956	0.58397	0.4698	0.00179	0.11117	0.0006	0.16497	0.0006	0.08248	0.06336	0.0	0.05798	0.04782	0.02989
ERR1419107	3/6,4	0.905, 0.819	1.0	0.04578	0.04824	0.19785	0.11446	1.13069	0.67694	1.49695	0.75624	0.46274	0.00245	0.21502	0.00082	0.28778	0.0	0.14798	0.05396	0.00245	0.07031	0.13899	0.0139
EGAN00001279031	3/6,4	0.862, 0.843	1.0	0.06152	0.08669	0.30902	0.23351	1.16755	0.60964	2.04425	0.78652	0.65718	0.01678	0.14122	0.0035	0.29014	0.0014	0.26357	0.04544	0.0035	0.09438	0.17059	0.00559
EGAN00001279032	2,3/6	0.86, 0.815	1.0	0.04564	0.04089	9.91138	6.80076	0.94559	0.42312	0.31567	0.07512	0.30807	0.00856	0.14833	0.0057	0.29666	0.00143	0.18018	0.07607	0.00333	0.04374	0.11933	0.03423
EGAN00001279033	3/6,3/6	0.911	1.0	0.07568	0.08108	0.14546	0.12335	3.09591	1.56368	0.2231	0.07764	0.37151	0.01425	0.12433	0.00295	0.27716	0.00098	0.20541	0.04128	0.00344	0.06094	0.11155	0.00688
EGAN00001279034	3/6,4	0.867, 0.798	1.0	0.08846	0.08688	0.23458	0.19114	1.8	0.91461	1.79763	0.77323	0.63186	0.01264	0.11057	0.00474	0.26696	0.00158	0.19035	0.04739	0.00237	0.07819	0.08135	0.00869
EGAN00001279035	3/6,3/6	0.911	1.0	0.07476	0.06416	0.14004	0.16515	3.20759	1.39485	0.19639	0.08034	0.53283	0.01227	0.1194	0.00335	0.30073	0.00056	0.18914	0.04519	0.00335	0.05468	0.09597	0.00948
EGAN00001279036	3/6,3/6	0.91	1.0	0.07871	0.06375	0.22703	0.15678	3.57531	1.7161	0.21923	0.08197	0.49961	0.01626	0.1262	0.00195	0.29079	0.0013	0.17044	0.04359	0.00651	0.05269	0.13076	0.00976
EGAN00001279037	3/6,3/6	0.912	1.0	0.06324	0.0578	0.16932	0.14212	3.31162	1.74557	0.2618	0.06936	0.3944	0.00952	0.10608	0.00544	0.27812	0.00068	0.204	0.04284	0.00408	0.05236	0.11356	0.00884
EGAN00001279038	3/6,3/6	0.893	1.0	0.08027	0.07718	0.11809	0.14201	3.05792	1.88322	0.26705	0.07409	0.26628	0.0247	0.14124	0.00463	0.27554	0.00154	0.22691	0.0494	0.00386	0.08104	0.10574	0.01003
EGAN00001279039	2,4	0.87, 0.756	1.0	0.02304	0.03367	9.11793	6.16796	0.4213	0.01152	1.3804	0.55907	0.36858	0.0062	0.14176	0.0031	0.28707	0.00089	0.15815	0.08373	0.0031	0.11252	0.11562	0.02038
EGAN00001279040	1,3/6	0.969, 0.843	1.0	4.20678	3.97877	0.12167	0.14802	1.28283	0.70704	0.22706	0.0709	0.20023	0.0091	0.12263	0.00096	0.26777	0.00048	0.18299	0.05509	0.0024	0.06323	0.11976	0.01054
EGAN00001279041	3/6,3/6	0.915	1.0	0.07657	0.09513	0.15159	0.23203	3.23985	1.67136	0.21269	0.07966	0.39831	0.00928	0.17943	0.00541	0.42151	0.00077	0.20728	0.07347	0.00155	0.10209	0.16706	0.00928
EGAN00001279042	3/6,4	0.895, 0.861	1.0	0.04868	0.06561	0.297	0.12557	2.06274	0.74707	1.97527	0.9573	0.58623	0.00564	0.13545	0.00353	0.32945	0.0	0.1425	0.04515	0.00141	0.11499	0.09947	0.00635
EGAN00001279043	3/6,3/6	0.904	1.0	0.07347	0.07715	0.28067	0.2241	1.7744	0.74503	0.2263	0.09331	0.65245	0.01102	0.10948	0.00514	0.29316	0.0	0.20793	0.0507	0.00073	0.11315	0.20867	0.01249
EGAN00001279044	2,3/6	0.874, 0.842	1.0	0.03626	0.0404	9.80487	6.91023	1.52191	0.63456	0.2963	0.1093	0.32635	0.01191	0.18804	0.00414	0.35328	0.00155	0.18856	0.09946	0.00466	0.0632	0.13313	0.00725
EGAN00001279045	1,1	0.992	1.0	4.58865	4.33572	0.2021	0.15128	0.47334	0.02186	0.23165	0.07919	0.54248	0.013	0.11405	0.00355	0.27124	0.00177	0.18201	0.04018	0.00236	0.09751	0.10814	0.00709
EGAN00001279046	1,3/6	0.968, 0.849	1.0	4.33778	4.02944	0.14909	0.18365	1.20964	0.54891	0.22499	0.08403	0.27649	0.01491	0.12808	0.00203	0.28259	0.00136	0.20195	0.06438	0.00203	0.0637	0.18839	0.00813
EGAN00001279047	1,2	0.954, 0.846	1.0	2.96251	2.81045	10.44983	6.9713	0.35167	0.01132	0.24394	0.06956	0.20123	0.01003	0.13167	0.00324	0.2682	0.0	0.14332	0.06115	0.00388	0.05241	0.12035	0.0165
EGAN00001279048	3/6,4	0.868, 0.751	1.0	0.11102	0.08626	0.24454	0.19428	1.69902	0.89039	1.64426	0.93165	0.51833	0.018	0.12677	0.00375	0.29255	0.00075	0.20628	0.05551	0.00225	0.11177	0.11252	0.0105
EGAN00001279049	3/6,4	0.858, 0.831	1.0	0.05947	0.07305	0.19717	0.1726	1.78681	0.49454	2.0803	1.04532	0.57664	0.01228	0.12218	0.00323	0.3006	0.0	0.20234	0.07111	0.00194	0.10408	0.1739	0.00711
EGAN00001279050	3/6,4	0.875, 0.84	1.0	0.05017	0.05769	0.2107	0.14298	1.66616	0.63273	1.61913	0.89673	0.51233	0.00753	0.11664	0.00251	0.301	0.00125	0.20819	0.04076	0.0	0.10598	0.0972	0.00878
EGAN00001279051	3/6,3/6	0.91	1.0	0.07958	0.10767	0.23406	0.19661	2.52437	1.42545	0.20246	0.0749	0.40961	0.01755	0.12522	0.00351	0.33003	0.00117	0.24694	0.05618	0.0	0.04798	0.33822	0.00351
EGAN00001279052	3/6,4	0.872, 0.796	1.0	0.05006	0.04908	0.22087	0.23658	1.7699	0.88937	1.75321	0.81967	0.55856	0.01767	0.13154	0.00491	0.27486	0.00098	0.21203	0.06675	0.00294	0.08835	0.12565	0.00982
EGAN00001279053	4,4	0.868	1.0	0.07182	0.06529	0.32551	0.18187	0.57173	0.00933	2.8512	1.54452	0.77692	0.01679	0.1455	0.0028	0.32551	0.00373	0.18094	0.04104	0.00187	0.13337	0.12311	0.00746
EGAN00001279054	3/6,4	0.884, 0.752	1.0	0.08589	0.07793	0.25946	0.22226	1.63908	1.03959	1.77457	0.75888	0.60658	0.01063	0.13725	0.00443	0.31967	0.00266	0.22315	0.04605	0.00177	0.10626	0.13283	0.00797
EGAN00001279055	3/6,4	0.883, 0.793	1.0	0.08371	0.0731	0.25465	0.18038	2.10443	0.82998	1.70595	0.69558	0.62249	0.00707	0.1179	0.00118	0.29945	0.00236	0.1851	0.04716	0.00118	0.09314	0.09903	0.00472
