id	mat_cenhap	pat_cenhap	pop	spop	sex
HG00096					
HG00097					
HG00099					
HG00100					
HG00101					
HG00102					
HG00103					
HG00105					
HG00106					
HG00107					
HG00108					
HG00109					
HG00110					
HG00111					
HG00112					
HG00113					
HG00114					
HG00115					
HG00116					
HG00117					
HG00118					
HG00119					
HG00120					
HG00121					
HG00122					
HG00123					
HG00125					
HG00126					
HG00127					
HG00128					
HG00129					
HG00130					
HG00131					
HG00132					
HG00133					
HG00136					
HG00137					
HG00138					
HG00139					
HG00140					
HG00141					
HG00142					
HG00143					
HG00145					
HG00146					
HG00148					
HG00149					
HG00150					
HG00151					
HG00154					
HG00155					
HG00157					
HG00158					
HG00159					
HG00160					
HG00171					
HG00173					
HG00174					
HG00176					
HG00177					
HG00178					
HG00179					
HG00180					
HG00181					
HG00182					
HG00183					
HG00185					
HG00186					
HG00187					
HG00188					
HG00189					
HG00190					
HG00231					
HG00232					
HG00233					
HG00234					
HG00235					
HG00236					
HG00237					
HG00238					
HG00239					
HG00240					
HG00242					
HG00243					
HG00244					
HG00245					
HG00246					
HG00250					
HG00251					
HG00252					
HG00253					
HG00254					
HG00255					
HG00256					
HG00257					
HG00258					
HG00259					
HG00260					
HG00261					
HG00262					
HG00263					
HG00264					
HG00265					
HG00266					
HG00267					
HG00268					
HG00269					
HG00271					
HG00272					
HG00273					
HG00274					
HG00275					
HG00276					
HG00277					
HG00278					
HG00280					
HG00281					
HG00282					
HG00284					
HG00285					
HG00288					
HG00290					
HG00304					
HG00306					
HG00308					
HG00309					
HG00310					
HG00311					
HG00313					
HG00315					
HG00318					
HG00319					
HG00320					
HG00321					
HG00323					
HG00324					
HG00325					
HG00326					
HG00327					
HG00328					
HG00329					
HG00330					
HG00331					
HG00332					
HG00334					
HG00335					
HG00336					
HG00337					
HG00338					
HG00339					
HG00341					
HG00342					
HG00343					
HG00344					
HG00345					
HG00346					
HG00349					
HG00350					
HG00351					
HG00353					
HG00355					
HG00356					
HG00357					
HG00358					
HG00360					
HG00361					
HG00362					
HG00364					
HG00365					
HG00366					
HG00367					
HG00368					
HG00369					
HG00371					
HG00372					
HG00373					
HG00375					
HG00376					
HG00378					
HG00379					
HG00380					
HG00381					
HG00382					
HG00383					
HG00384					
HG00403	1	1	CHS	EAS	2
HG00404	2	3	CHS	EAS	2
HG00405	3	1	CHS	EAS	2
HG00406	3	2	CHS	EAS	2
HG00407	3	3	CHS	EAS	2
HG00408	3	2	CHS	EAS	2
HG00409					
HG00410					
HG00418	3	2	CHS	EAS	2
HG00419	2	2	CHS	EAS	2
HG00420	2	2	CHS	EAS	2
HG00421	2	2	CHS	EAS	2
HG00422	2	3	CHS	EAS	2
HG00423	3	2	CHS	EAS	2
HG00427	3	2	CHS	EAS	2
HG00428	3	3	CHS	EAS	2
HG00429	3	2	CHS	EAS	2
HG00436	3	3	CHS	EAS	2
HG00437	2	3	CHS	EAS	2
HG00438	3	3	CHS	EAS	2
HG00442	3	1	CHS	EAS	2
HG00443	2	2	CHS	EAS	2
HG00444	2	1	CHS	EAS	2
HG00445	3	3	CHS	EAS	2
HG00446	1	2	CHS	EAS	2
HG00447	2	3	CHS	EAS	2
HG00448	3	2	CHS	EAS	2
HG00449	3	3	CHS	EAS	2
HG00450	3	2	CHS	EAS	2
HG00451	3	3	CHS	EAS	2
HG00452	1	3	CHS	EAS	2
HG00453	3	3	CHS	EAS	2
HG00457	3	2	CHS	EAS	2
HG00458	3	3	CHS	EAS	2
HG00459	3	2	CHS	EAS	2
HG00463	3	3	CHS	EAS	2
HG00464	2	3	CHS	EAS	2
HG00465	3	3	CHS	EAS	2
HG00472	3	3	CHS	EAS	2
HG00473	2	3	CHS	EAS	2
HG00474	3	3	CHS	EAS	2
HG00475	3	2	CHS	EAS	2
HG00476	2	1	CHS	EAS	2
HG00477	1	2	CHS	EAS	2
HG00478	3	3	CHS	EAS	2
HG00479	3	3	CHS	EAS	2
HG00480	3	3	CHS	EAS	2
HG00500	1	1	CHS	EAS	2
HG00501	2	1	CHS	EAS	2
HG00502	1	1	CHS	EAS	2
HG00512	1	1	CHS	EAS	2
HG00513	1	2	CHS	EAS	2
HG00514	2	1	CHS	EAS	2
HG00524	1	3	CHS	EAS	2
HG00525	2	1	CHS	EAS	2
HG00526	1	3	CHS	EAS	2
HG00530	3	3	CHS	EAS	2
HG00531	1	3	CHS	EAS	2
HG00532	3	3	CHS	EAS	2
HG00533	3	1	CHS	EAS	2
HG00534	3	1	CHS	EAS	2
HG00535	1	1	CHS	EAS	2
HG00536	3	3	CHS	EAS	2
HG00537	2	4	CHS	EAS	2
HG00538	4	3	CHS	EAS	2
HG00542	2	2	CHS	EAS	2
HG00543	3	3	CHS	EAS	2
HG00544	3	2	CHS	EAS	2
HG00551	5	2	PUR	AMR	2
HG00552	2	4	PUR	AMR	2
HG00553	2	3	PUR	AMR	2
HG00554	4	3	PUR	AMR	2
HG00555	3	3	PUR	AMR	2
HG00556	3	1	CHS	EAS	2
HG00557	2	3	CHS	EAS	2
HG00558	3	1	CHS	EAS	2
HG00559	3	3	CHS	EAS	2
HG00560	2	1	CHS	EAS	2
HG00561	1	3	CHS	EAS	2
HG00565	3	2	CHS	EAS	2
HG00566	3	2	CHS	EAS	2
HG00567	2	2	CHS	EAS	2
HG00577	3	1	CHS	EAS	2
HG00578	1	3	CHS	EAS	2
HG00579	3	1	CHS	EAS	2
HG00580	1	3	CHS	EAS	2
HG00581	3	3	CHS	EAS	2
HG00582	3	3	CHS	EAS	2
HG00583	2	3	CHS	EAS	2
HG00584	1	3	CHS	EAS	2
HG00585	3	3	CHS	EAS	2
HG00589	3	3	CHS	EAS	2
HG00590	2	2	CHS	EAS	2
HG00591	2	3	CHS	EAS	2
HG00592	3	3	CHS	EAS	2
HG00593	3	1	CHS	EAS	2
HG00594	1	3	CHS	EAS	2
HG00595	1	2	CHS	EAS	2
HG00596	2	2	CHS	EAS	2
HG00597	2	2	CHS	EAS	2
HG00598					
HG00599					
HG00607	3	2	CHS	EAS	2
HG00608	1	1	CHS	EAS	2
HG00609	1	2	CHS	EAS	2
HG00610	2	2	CHS	EAS	2
HG00611	4	1	CHS	EAS	2
HG00612	1	2	CHS	EAS	2
HG00613	3	3	CHS	EAS	2
HG00614	2	1	CHS	EAS	2
HG00615	1	3	CHS	EAS	2
HG00619	3	4	CHS	EAS	2
HG00620	3	3	CHS	EAS	2
HG00621	3	4	CHS	EAS	2
HG00622					
HG00623					
HG00625	3	1	CHS	EAS	2
HG00626	3	2	CHS	EAS	2
HG00627	2	1	CHS	EAS	2
HG00628	3	2	CHS	EAS	2
HG00629	2	3	CHS	EAS	2
HG00630	3	2	CHS	EAS	2
HG00631					
HG00632					
HG00634	3	2	CHS	EAS	2
HG00635	1	3	CHS	EAS	2
HG00636	3	2	CHS	EAS	2
HG00637	6	3	PUR	AMR	2
HG00638	3	3	PUR	AMR	2
HG00639	3	3	PUR	AMR	2
HG00640	2	4	PUR	AMR	2
HG00641	3	4	PUR	AMR	2
HG00642	4	4	PUR	AMR	2
HG00650	1	3	CHS	EAS	2
HG00651	2	4	CHS	EAS	2
HG00652	4	3	CHS	EAS	2
HG00653	3	3	CHS	EAS	2
HG00654	2	2	CHS	EAS	2
HG00655	2	3	CHS	EAS	2
HG00656	1	3	CHS	EAS	2
HG00657	2	3	CHS	EAS	2
HG00658	3	3	CHS	EAS	2
HG00662	3	3	CHS	EAS	2
HG00663	2	3	CHS	EAS	2
HG00664	3	3	CHS	EAS	2
HG00671	2	3	CHS	EAS	2
HG00672	1	3	CHS	EAS	2
HG00673	3	3	CHS	EAS	2
HG00674					
HG00675					
HG00683	3	2	CHS	EAS	2
HG00684	3	3	CHS	EAS	2
HG00685	3	2	CHS	EAS	2
HG00689	2	2	CHS	EAS	2
HG00690	3	1	CHS	EAS	2
HG00691	1	2	CHS	EAS	2
HG00692	3	1	CHS	EAS	2
HG00693	1	3	CHS	EAS	2
HG00694	3	1	CHS	EAS	2
HG00698	3	2	CHS	EAS	2
HG00699	3	1	CHS	EAS	2
HG00700	1	2	CHS	EAS	2
HG00701	2	1	CHS	EAS	2
HG00702	2	3	CHS	EAS	2
HG00703	3	1	CHS	EAS	2
HG00704	3	2	CHS	EAS	2
HG00705	3	2	CHS	EAS	2
HG00706	2	2	CHS	EAS	2
HG00707	3	3	CHS	EAS	2
HG00708	2	3	CHS	EAS	2
HG00709	3	3	CHS	EAS	2
HG00717					
HG00728					
HG00729					
HG00731	3	2	PUR	AMR	2
HG00732	1	1	PUR	AMR	2
HG00733	1	2	PUR	AMR	2
HG00734	3	3	PUR	AMR	2
HG00735	3	3	PUR	AMR	2
HG00736	3	3	PUR	AMR	2
HG00737	3	4	PUR	AMR	2
HG00738	4	3	PUR	AMR	2
HG00739	3	3	PUR	AMR	2
HG00740	3	3	PUR	AMR	2
HG00741	3	3	PUR	AMR	2
HG00742					
HG00743					
HG00759					
HG00766					
HG00844					
HG00851					
HG00864					
HG00867					
HG00879					
HG00881					
HG00956					
HG00978					
HG00982					
HG01028					
HG01029					
HG01031					
HG01046					
HG01047	3	3	PUR	AMR	2
HG01048	3	2	PUR	AMR	2
HG01049	1	2	PUR	AMR	2
HG01050	2	2	PUR	AMR	2
HG01051	1	3	PUR	AMR	2
HG01052	1	3	PUR	AMR	2
HG01053	3	3	PUR	AMR	2
HG01054	2	2	PUR	AMR	2
HG01055	3	3	PUR	AMR	2
HG01056	3	2	PUR	AMR	2
HG01058					
HG01060	2	5	PUR	AMR	2
HG01061	3	2	PUR	AMR	2
HG01062	2	5	PUR	AMR	2
HG01063					
HG01064					
HG01066	3	1	PUR	AMR	2
HG01067	4	4	PUR	AMR	2
HG01068	4	1	PUR	AMR	2
HG01069	2	2	PUR	AMR	2
HG01070	3	2	PUR	AMR	2
HG01071	2	2	PUR	AMR	2
HG01072	3	3	PUR	AMR	2
HG01073	4	3	PUR	AMR	2
HG01074	3	3	PUR	AMR	2
HG01075	4	4	PUR	AMR	2
HG01077					
HG01079	7	3	PUR	AMR	2
HG01080	3	1	PUR	AMR	2
HG01081	1	3	PUR	AMR	2
HG01082	2	4	PUR	AMR	2
HG01083	2	3	PUR	AMR	2
HG01084	3	4	PUR	AMR	2
HG01085	3	3	PUR	AMR	2
HG01086	3	3	PUR	AMR	2
HG01087	3	3	PUR	AMR	2
HG01088					
HG01089					
HG01092					
HG01094	3	5	PUR	AMR	2
HG01095	3	3	PUR	AMR	2
HG01096	3	5	PUR	AMR	2
HG01097	2	3	PUR	AMR	2
HG01098	3	2	PUR	AMR	2
HG01099	2	3	PUR	AMR	2
HG01100	2	3	PUR	AMR	2
HG01101	3	3	PUR	AMR	2
HG01102	1	3	PUR	AMR	2
HG01103	3	3	PUR	AMR	2
HG01104	4	3	PUR	AMR	2
HG01105	3	3	PUR	AMR	2
HG01106	3	3	PUR	AMR	2
HG01107	3	2	PUR	AMR	2
HG01108	3	1	PUR	AMR	2
HG01109	1	2	PUR	AMR	2
HG01110	3	1	PUR	AMR	2
HG01111	2	3	PUR	AMR	2
HG01112	1	3	CLM	AMR	2
HG01113	4	3	CLM	AMR	2
HG01114	3	3	CLM	AMR	2
HG01119					
HG01121					
HG01122					
HG01124	4	1	CLM	AMR	2
HG01125	4	2	CLM	AMR	2
HG01126	2	1	CLM	AMR	2
HG01130					
HG01131					
HG01133	3	3	CLM	AMR	2
HG01134	3	4	CLM	AMR	2
HG01135	4	3	CLM	AMR	2
HG01136	3	3	CLM	AMR	2
HG01137	5	3	CLM	AMR	2
HG01138	3	3	CLM	AMR	2
HG01139	3	2	CLM	AMR	2
HG01140	2	1	CLM	AMR	2
HG01141	1	2	CLM	AMR	2
HG01142					
HG01148	1	3	CLM	AMR	2
HG01149	2	3	CLM	AMR	2
HG01150	3	3	CLM	AMR	2
HG01161					
HG01162					
HG01164					
HG01167	3	3	PUR	AMR	2
HG01168	3	3	PUR	AMR	2
HG01169	3	3	PUR	AMR	2
HG01170	1	1	PUR	AMR	2
HG01171	3	1	PUR	AMR	2
HG01172	1	1	PUR	AMR	2
HG01173	3	3	PUR	AMR	2
HG01174	3	3	PUR	AMR	2
HG01175	3	3	PUR	AMR	2
HG01176	3	3	PUR	AMR	2
HG01177	3	3	PUR	AMR	2
HG01178	3	3	PUR	AMR	2
HG01182	1	3	PUR	AMR	2
HG01183	3	2	PUR	AMR	2
HG01184	2	3	PUR	AMR	2
HG01187	1	2	PUR	AMR	2
HG01188	1	3	PUR	AMR	2
HG01189	3	2	PUR	AMR	2
HG01190	1	1	PUR	AMR	2
HG01191	2	3	PUR	AMR	2
HG01192	3	1	PUR	AMR	2
HG01197	3	3	PUR	AMR	2
HG01198	3	3	PUR	AMR	2
HG01199	3	3	PUR	AMR	2
HG01200					
HG01204	3	3	PUR	AMR	2
HG01205	3	1	PUR	AMR	2
HG01206	1	3	PUR	AMR	2
HG01241	3	3	PUR	AMR	2
HG01242	1	1	PUR	AMR	2
HG01243	1	3	PUR	AMR	2
HG01247	3	3	PUR	AMR	2
HG01248	5	2	PUR	AMR	2
HG01249	3	1	PUR	AMR	2
HG01250	3	3	CLM	AMR	2
HG01251	1	3	CLM	AMR	2
HG01252	3	3	CLM	AMR	2
HG01253	5	3	CLM	AMR	2
HG01254	2	3	CLM	AMR	2
HG01255	3	3	CLM	AMR	2
HG01256	3	3	CLM	AMR	2
HG01257	1	3	CLM	AMR	2
HG01258	3	3	CLM	AMR	2
HG01259	3	3	CLM	AMR	2
HG01260	3	1	CLM	AMR	2
HG01261	1	3	CLM	AMR	2
HG01269					
HG01271	3	5	CLM	AMR	2
HG01272	1	3	CLM	AMR	2
HG01273	3	5	CLM	AMR	2
HG01274	1	2	CLM	AMR	2
HG01275	3	3	CLM	AMR	2
HG01276	3	2	CLM	AMR	2
HG01277	3	1	CLM	AMR	2
HG01278	3	2	CLM	AMR	2
HG01279	2	1	CLM	AMR	2
HG01280					
HG01281					
HG01284					
HG01286					
HG01302					
HG01303					
HG01305					
HG01308					
HG01311					
HG01312					
HG01323					
HG01325					
HG01326					
HG01334					
HG01341	3	5	CLM	AMR	2
HG01342	1	2	CLM	AMR	2
HG01343	2	5	CLM	AMR	2
HG01344	3	5	CLM	AMR	2
HG01345	3	1	CLM	AMR	2
HG01346	1	5	CLM	AMR	2
HG01347	2	3	CLM	AMR	2
HG01348	3	3	CLM	AMR	2
HG01349	3	3	CLM	AMR	2
HG01350	3	3	CLM	AMR	2
HG01351	1	3	CLM	AMR	2
HG01352	3	3	CLM	AMR	2
HG01353	3	2	CLM	AMR	2
HG01354	3	2	CLM	AMR	2
HG01355	2	2	CLM	AMR	2
HG01356	3	3	CLM	AMR	2
HG01357	3	1	CLM	AMR	2
HG01358	1	3	CLM	AMR	2
HG01359	1	3	CLM	AMR	2
HG01360	3	2	CLM	AMR	2
HG01361	2	3	CLM	AMR	2
HG01362					
HG01363					
HG01365	1	2	CLM	AMR	2
HG01366	3	1	CLM	AMR	2
HG01367	1	2	CLM	AMR	2
HG01369					
HG01372					
HG01374	4	3	CLM	AMR	2
HG01375	1	3	CLM	AMR	2
HG01376	3	3	CLM	AMR	2
HG01377	3	1	CLM	AMR	2
HG01378	4	2	CLM	AMR	2
HG01379	2	1	CLM	AMR	2
HG01383	3	3	CLM	AMR	2
HG01384	3	2	CLM	AMR	2
HG01385	2	3	CLM	AMR	2
HG01389	3	1	CLM	AMR	2
HG01390	1	1	CLM	AMR	2
HG01391	1	1	CLM	AMR	2
HG01392					
HG01393					
HG01395					
HG01396					
HG01398					
HG01402					
HG01403					
HG01405					
HG01412					
HG01413					
HG01414					
HG01431	3	3	CLM	AMR	2
HG01432	8	5	CLM	AMR	2
HG01433	5	3	CLM	AMR	2
HG01435					
HG01437	3	2	CLM	AMR	2
HG01438	1	3	CLM	AMR	2
HG01439	3	2	CLM	AMR	2
HG01440					
HG01441					
HG01443					
HG01444					
HG01447					
HG01455	4	3	CLM	AMR	2
HG01456	3	1	CLM	AMR	2
HG01457	1	3	CLM	AMR	2
HG01459					
HG01461	3	2	CLM	AMR	2
HG01462	3	3	CLM	AMR	2
HG01463	3	2	CLM	AMR	2
HG01464	3	6	CLM	AMR	2
HG01465	3	3	CLM	AMR	2
HG01466	3	6	CLM	AMR	2
HG01468					
HG01474					
HG01479					
HG01485					
HG01486					
HG01488	2	1	CLM	AMR	2
HG01489	2	3	CLM	AMR	2
HG01490	3	1	CLM	AMR	2
HG01491	3	3	CLM	AMR	2
HG01492	3	3	CLM	AMR	2
HG01493	3	3	CLM	AMR	2
HG01494	4	3	CLM	AMR	2
HG01495	7	1	CLM	AMR	2
HG01496	1	3	CLM	AMR	2
HG01497	3	3	CLM	AMR	2
HG01498	2	8	CLM	AMR	2
HG01499	8	3	CLM	AMR	2
HG01500	2	3	IBS	EUR	2
HG01501	3	1	IBS	EUR	2
HG01502	1	3	IBS	EUR	2
HG01503	2	3	IBS	EUR	2
HG01504	2	2	IBS	EUR	2
HG01505	2	3	IBS	EUR	2
HG01506	1	3	IBS	EUR	2
HG01507	3	3	IBS	EUR	2
HG01508	3	3	IBS	EUR	2
HG01509	1	3	IBS	EUR	2
HG01510	3	3	IBS	EUR	2
HG01511	3	3	IBS	EUR	2
HG01512	3	1	IBS	EUR	2
HG01513	2	3	IBS	EUR	2
HG01514	3	1	IBS	EUR	2
HG01515	1	4	IBS	EUR	2
HG01516	3	2	IBS	EUR	2
HG01517	2	4	IBS	EUR	2
HG01518	3	3	IBS	EUR	2
HG01519	1	4	IBS	EUR	2
HG01520	4	3	IBS	EUR	2
HG01521	3	2	IBS	EUR	2
HG01522	1	1	IBS	EUR	2
HG01523	1	2	IBS	EUR	2
HG01524	3	3	IBS	EUR	2
HG01525	4	3	IBS	EUR	2
HG01526	3	3	IBS	EUR	2
HG01527	3	3	IBS	EUR	2
HG01528	3	3	IBS	EUR	2
HG01529	3	3	IBS	EUR	2
HG01530	2	1	IBS	EUR	2
HG01531	4	1	IBS	EUR	2
HG01532	1	1	IBS	EUR	2
HG01536	2	3	IBS	EUR	2
HG01537	4	5	IBS	EUR	2
HG01538	5	3	IBS	EUR	2
HG01550	3	3	CLM	AMR	2
HG01551	3	3	CLM	AMR	2
HG01552	3	3	CLM	AMR	2
HG01556					
HG01565	2	4	PEL	AMR	2
HG01566	1	3	PEL	AMR	2
HG01567	3	4	PEL	AMR	2
HG01571	2	2	PEL	AMR	2
HG01572	3	3	PEL	AMR	2
HG01573	3	2	PEL	AMR	2
HG01577	3	3	PEL	AMR	2
HG01578	3	3	PEL	AMR	2
HG01579	3	3	PEL	AMR	2
HG01583					
HG01586					
HG01589					
HG01593					
HG01595					
HG01596					
HG01597					
HG01598					
HG01599					
HG01600					
HG01601	3	3	IBS	EUR	2
HG01602	3	3	IBS	EUR	2
HG01603	3	3	IBS	EUR	2
HG01604	1	3	IBS	EUR	2
HG01605	2	1	IBS	EUR	2
HG01606	4	3	IBS	EUR	2
HG01607	3	3	IBS	EUR	2
HG01608	3	2	IBS	EUR	2
HG01609	3	2	IBS	EUR	2
HG01610	1	3	IBS	EUR	2
HG01611	1	3	IBS	EUR	2
HG01612	1	1	IBS	EUR	2
HG01613	5	2	IBS	EUR	2
HG01614	2	3	IBS	EUR	2
HG01615	5	3	IBS	EUR	2
HG01616	3	3	IBS	EUR	2
HG01617	3	3	IBS	EUR	2
HG01618	5	3	IBS	EUR	2
HG01619	1	2	IBS	EUR	2
HG01620	3	3	IBS	EUR	2
HG01621	3	2	IBS	EUR	2
HG01622	3	5	IBS	EUR	2
HG01623	4	3	IBS	EUR	2
HG01624	4	5	IBS	EUR	2
HG01625	4	2	IBS	EUR	2
HG01626	3	4	IBS	EUR	2
HG01627	4	2	IBS	EUR	2
HG01628	3	2	IBS	EUR	2
HG01629	2	4	IBS	EUR	2
HG01630	3	4	IBS	EUR	2
HG01631	3	3	IBS	EUR	2
HG01632	2	3	IBS	EUR	2
HG01633	3	3	IBS	EUR	2
HG01667	3	3	IBS	EUR	2
HG01668	4	3	IBS	EUR	2
HG01669	3	3	IBS	EUR	2
HG01670	3	3	IBS	EUR	2
HG01671	3	2	IBS	EUR	2
HG01672	3	2	IBS	EUR	2
HG01673	3	3	IBS	EUR	2
HG01674	3	4	IBS	EUR	2
HG01675	3	4	IBS	EUR	2
HG01676	3	3	IBS	EUR	2
HG01677	3	3	IBS	EUR	2
HG01678	3	3	IBS	EUR	2
HG01679	3	3	IBS	EUR	2
HG01680	3	3	IBS	EUR	2
HG01681	3	3	IBS	EUR	2
HG01682	5	4	IBS	EUR	2
HG01683	3	4	IBS	EUR	2
HG01684	3	3	IBS	EUR	2
HG01685	3	3	IBS	EUR	2
HG01686	2	1	IBS	EUR	2
HG01687	3	1	IBS	EUR	2
HG01694	5	1	IBS	EUR	2
HG01695	3	3	IBS	EUR	2
HG01696	3	1	IBS	EUR	2
HG01697	3	3	IBS	EUR	2
HG01698	3	3	IBS	EUR	2
HG01699	3	3	IBS	EUR	2
HG01700	3	4	IBS	EUR	2
HG01701	3	4	IBS	EUR	2
HG01702	4	3	IBS	EUR	2
HG01703	3	5	IBS	EUR	2
HG01704	3	3	IBS	EUR	2
HG01705	3	5	IBS	EUR	2
HG01706	3	4	IBS	EUR	2
HG01707	4	3	IBS	EUR	2
HG01708	2	4	IBS	EUR	2
HG01709	1	4	IBS	EUR	2
HG01710	3	1	IBS	EUR	2
HG01711	1	4	IBS	EUR	2
HG01746	3	4	IBS	EUR	2
HG01747	4	3	IBS	EUR	2
HG01748	4	3	IBS	EUR	2
HG01755	3	1	IBS	EUR	2
HG01756	3	1	IBS	EUR	2
HG01757	1	3	IBS	EUR	2
HG01761	3	2	IBS	EUR	2
HG01762	3	1	IBS	EUR	2
HG01763	1	2	IBS	EUR	2
HG01765					
HG01766					
HG01767					
HG01768					
HG01770	2	2	IBS	EUR	2
HG01771	1	3	IBS	EUR	2
HG01772	2	3	IBS	EUR	2
HG01773	2	3	IBS	EUR	2
HG01774	3	4	IBS	EUR	2
HG01775	5	4	IBS	EUR	2
HG01776	3	1	IBS	EUR	2
HG01777	4	3	IBS	EUR	2
HG01778	1	3	IBS	EUR	2
HG01779	1	3	IBS	EUR	2
HG01780	3	3	IBS	EUR	2
HG01781	4	3	IBS	EUR	2
HG01782	4	3	IBS	EUR	2
HG01783	3	3	IBS	EUR	2
HG01784	3	4	IBS	EUR	2
HG01785					
HG01786					
HG01789					
HG01790					
HG01791					
HG01794					
HG01795					
HG01796					
HG01797					
HG01798					
HG01799					
HG01800					
HG01801					
HG01802					
HG01804					
HG01805					
HG01806					
HG01807					
HG01808					
HG01809					
HG01810					
HG01811					
HG01812					
HG01813					
HG01815					
HG01816					
HG01817					
HG01840					
HG01841					
HG01842					
HG01843					
HG01844					
HG01845					
HG01846					
HG01847					
HG01848					
HG01849					
HG01850					
HG01851					
HG01852					
HG01853					
HG01855					
HG01857					
HG01858					
HG01859					
HG01860					
HG01861					
HG01862					
HG01863					
HG01864					
HG01865					
HG01866					
HG01867					
HG01868					
HG01869					
HG01870					
HG01871					
HG01872					
HG01873					
HG01874					
HG01878					
HG01879	3	1	ACB	AFR	2
HG01880	3	3	ACB	AFR	2
HG01881	3	1	ACB	AFR	2
HG01882	1	2	ACB	AFR	2
HG01883	1	9	ACB	AFR	2
HG01884	1	3	ACB	AFR	2
HG01885	3	3	ACB	AFR	2
HG01886	2	1	ACB	AFR	2
HG01887	1	2	ACB	AFR	2
HG01888	9	2	ACB	AFR	2
HG01889	1	10	ACB	AFR	2
HG01890	3	3	ACB	AFR	2
HG01891	10	3	ACB	AFR	2
HG01892	3	2	PEL	AMR	2
HG01893	1	2	PEL	AMR	2
HG01894	1	3	ACB	AFR	2
HG01895	3	9	ACB	AFR	2
HG01896	3	1	ACB	AFR	2
HG01897	1	1	ACB	AFR	2
HG01898	2	2	PEL	AMR	2
HG01912	1	9	ACB	AFR	2
HG01914	4	2	ACB	AFR	2
HG01915	11	4	ACB	AFR	2
HG01916	4	2	ACB	AFR	2
HG01917	3	1	PEL	AMR	2
HG01918	2	1	PEL	AMR	2
HG01919	1	1	PEL	AMR	2
HG01920	1	1	PEL	AMR	2
HG01921	3	2	PEL	AMR	2
HG01922	2	1	PEL	AMR	2
HG01923	1	3	PEL	AMR	2
HG01924	4	3	PEL	AMR	2
HG01925	3	3	PEL	AMR	2
HG01926	3	3	PEL	AMR	2
HG01927	2	3	PEL	AMR	2
HG01928	3	3	PEL	AMR	2
HG01932	3	3	PEL	AMR	2
HG01933	3	3	PEL	AMR	2
HG01934	3	3	PEL	AMR	2
HG01935	3	2	PEL	AMR	2
HG01936	2	2	PEL	AMR	2
HG01937	2	2	PEL	AMR	2
HG01938	3	3	PEL	AMR	2
HG01939	3	3	PEL	AMR	2
HG01940	3	3	PEL	AMR	2
HG01941	3	3	PEL	AMR	2
HG01942	1	3	PEL	AMR	2
HG01943	3	3	PEL	AMR	2
HG01944	2	2	PEL	AMR	2
HG01945	3	3	PEL	AMR	2
HG01946	3	2	PEL	AMR	2
HG01947	3	2	PEL	AMR	2
HG01948	2	3	PEL	AMR	2
HG01949	3	2	PEL	AMR	2
HG01950	3	3	PEL	AMR	2
HG01951	2	2	PEL	AMR	2
HG01952	2	3	PEL	AMR	2
HG01953	3	2	PEL	AMR	2
HG01954	2	3	PEL	AMR	2
HG01955	3	2	PEL	AMR	2
HG01956	3	1	ACB	AFR	2
HG01958	6	2	ACB	AFR	2
HG01959	2	3	ACB	AFR	2
HG01960	1	4	ACB	AFR	2
HG01961					
HG01965					
HG01967	3	3	PEL	AMR	2
HG01968	3	3	PEL	AMR	2
HG01969	3	3	PEL	AMR	2
HG01970	3	3	PEL	AMR	2
HG01971	2	3	PEL	AMR	2
HG01972	3	3	PEL	AMR	2
HG01973	3	3	PEL	AMR	2
HG01974	3	3	PEL	AMR	2
HG01975	3	3	PEL	AMR	2
HG01976	1	2	PEL	AMR	2
HG01977	2	1	PEL	AMR	2
HG01978	2	1	PEL	AMR	2
HG01979	1	4	PEL	AMR	2
HG01980	3	3	PEL	AMR	2
HG01981	3	4	PEL	AMR	2
HG01982	5	3	PEL	AMR	2
HG01983	3	3	PEL	AMR	2
HG01984	3	3	PEL	AMR	2
HG01985					
HG01986	1	3	ACB	AFR	2
HG01987	3	3	ACB	AFR	2
HG01988	9	4	ACB	AFR	2
HG01989	1	1	ACB	AFR	2
HG01990	3	3	ACB	AFR	2
HG01991	3	3	PEL	AMR	2
HG01992	2	2	PEL	AMR	2
HG01993	2	3	PEL	AMR	2
HG01997	3	2	PEL	AMR	2
HG01998	2	3	PEL	AMR	2
HG02002	3	3	PEL	AMR	2
HG02003	2	3	PEL	AMR	2
HG02004	3	3	PEL	AMR	2
HG02006					
HG02008	3	3	PEL	AMR	2
HG02009	3	3	ACB	AFR	2
HG02010	2	1	ACB	AFR	2
HG02011	1	3	ACB	AFR	2
HG02012	1	3	ACB	AFR	2
HG02013	3	1	ACB	AFR	2
HG02014	3	2	ACB	AFR	2
HG02015	2	4	KHV	EAS	2
HG02016	1	2	KHV	EAS	2
HG02017	3	4	KHV	EAS	2
HG02018	4	4	KHV	EAS	2
HG02019	2	4	KHV	EAS	2
HG02020	2	4	KHV	EAS	2
HG02023					
HG02024	3	4	KHV	EAS	2
HG02025	1	3	KHV	EAS	2
HG02026	3	4	KHV	EAS	2
HG02027	3	3	KHV	EAS	2
HG02028	1	3	KHV	EAS	2
HG02029	3	3	KHV	EAS	2
HG02030	3	2	KHV	EAS	2
HG02031	3	3	KHV	EAS	2
HG02032	1	2	KHV	EAS	2
HG02035					
HG02040					
HG02047					
HG02048					
HG02049					
HG02050					
HG02051					
HG02052					
HG02053	4	1	ACB	AFR	2
HG02054	2	3	ACB	AFR	2
HG02055	3	1	ACB	AFR	2
HG02056	3	1	KHV	EAS	2
HG02057	3	3	KHV	EAS	2
HG02058	2	1	KHV	EAS	2
HG02059	3	3	KHV	EAS	2
HG02060	2	3	KHV	EAS	2
HG02061	3	3	KHV	EAS	2
HG02064					
HG02067					
HG02068	2	2	KHV	EAS	2
HG02069	3	2	KHV	EAS	2
HG02070	2	2	KHV	EAS	2
HG02071	3	3	KHV	EAS	2
HG02072	4	3	KHV	EAS	2
HG02073	3	3	KHV	EAS	2
HG02074	2	3	KHV	EAS	2
HG02075	3	2	KHV	EAS	2
HG02076	3	3	KHV	EAS	2
HG02077	3	3	KHV	EAS	2
HG02078	2	3	KHV	EAS	2
HG02079	3	3	KHV	EAS	2
HG02080	3	3	KHV	EAS	2
HG02081	1	3	KHV	EAS	2
HG02082	3	3	KHV	EAS	2
HG02083	3	3	KHV	EAS	2
HG02084	2	3	KHV	EAS	2
HG02085	3	3	KHV	EAS	2
HG02086					
HG02087					
HG02088					
HG02089	3	2	PEL	AMR	2
HG02090	3	2	PEL	AMR	2
HG02091	2	2	PEL	AMR	2
HG02095					
HG02102					
HG02104	1	3	PEL	AMR	2
HG02105	3	2	PEL	AMR	2
HG02106	2	3	PEL	AMR	2
HG02107					
HG02108					
HG02111					
HG02113					
HG02116					
HG02120	3	3	KHV	EAS	2
HG02121	3	3	KHV	EAS	2
HG02122	3	3	KHV	EAS	2
HG02126	3	3	KHV	EAS	2
HG02127	3	3	KHV	EAS	2
HG02128	3	3	KHV	EAS	2
HG02129	3	4	KHV	EAS	2
HG02130	3	3	KHV	EAS	2
HG02131	5	4	KHV	EAS	2
HG02132	3	3	KHV	EAS	2
HG02133	3	3	KHV	EAS	2
HG02134	2	3	KHV	EAS	2
HG02135	3	2	KHV	EAS	2
HG02136	3	3	KHV	EAS	2
HG02137	3	2	KHV	EAS	2
HG02138					
HG02139					
HG02140					
HG02141					
HG02142					
HG02143	11	1	ACB	AFR	2
HG02144	4	3	ACB	AFR	2
HG02145	3	1	ACB	AFR	2
HG02146	1	3	PEL	AMR	2
HG02147	3	2	PEL	AMR	2
HG02148	2	3	PEL	AMR	2
HG02150					
HG02151					
HG02152					
HG02153					
HG02154					
HG02155					
HG02156					
HG02164					
HG02165					
HG02166					
HG02178					
HG02179					
HG02180					
HG02181					
HG02182					
HG02184					
HG02185					
HG02186					
HG02187					
HG02188					
HG02190					
HG02215					
HG02219					
HG02220	3	4	IBS	EUR	2
HG02221	3	2	IBS	EUR	2
HG02222	4	2	IBS	EUR	2
HG02223	2	4	IBS	EUR	2
HG02224	4	3	IBS	EUR	2
HG02225	4	3	IBS	EUR	2
HG02229	5	1	IBS	EUR	2
HG02230	3	5	IBS	EUR	2
HG02231	4	1	IBS	EUR	2
HG02232	3	3	IBS	EUR	2
HG02233	3	3	IBS	EUR	2
HG02234	3	3	IBS	EUR	2
HG02235	2	4	IBS	EUR	2
HG02236	3	4	IBS	EUR	2
HG02237	4	4	IBS	EUR	2
HG02238	2	3	IBS	EUR	2
HG02239	4	3	IBS	EUR	2
HG02240	3	3	IBS	EUR	2
HG02250					
HG02252					
HG02253					
HG02255	4	3	ACB	AFR	2
HG02256	3	3	ACB	AFR	2
HG02257	3	3	ACB	AFR	2
HG02258	1	1	ACB	AFR	2
HG02259	2	3	PEL	AMR	2
HG02260	1	3	PEL	AMR	2
HG02261	3	3	PEL	AMR	2
HG02262					
HG02265					
HG02266					
HG02271	1	3	PEL	AMR	2
HG02272	2	1	PEL	AMR	2
HG02273	1	3	PEL	AMR	2
HG02274					
HG02275					
HG02277	2	3	PEL	AMR	2
HG02278	2	1	PEL	AMR	2
HG02279	1	3	PEL	AMR	2
HG02280	6	11	ACB	AFR	2
HG02281	9	3	ACB	AFR	2
HG02282	1	1	ACB	AFR	2
HG02283					
HG02284					
HG02285	3	3	PEL	AMR	2
HG02286	2	3	PEL	AMR	2
HG02287	3	3	PEL	AMR	2
HG02291	2	3	PEL	AMR	2
HG02292	3	3	PEL	AMR	2
HG02293	3	3	PEL	AMR	2
HG02298	4	3	PEL	AMR	2
HG02299	1	3	PEL	AMR	2
HG02300	3	3	PEL	AMR	2
HG02301	2	3	PEL	AMR	2
HG02302	4	3	PEL	AMR	2
HG02303	3	3	PEL	AMR	2
HG02304					
HG02307	11	11	ACB	AFR	2
HG02308	3	6	ACB	AFR	2
HG02309					
HG02312					
HG02314	1	1	ACB	AFR	2
HG02315	2	1	ACB	AFR	2
HG02316	3	4	ACB	AFR	2
HG02317	2	4	ACB	AFR	2
HG02318	3	3	ACB	AFR	2
HG02321	1	3	ACB	AFR	2
HG02322					
HG02323					
HG02325					
HG02330					
HG02332					
HG02334					
HG02337					
HG02339					
HG02343					
HG02345					
HG02348					
HG02351					
HG02353					
HG02355					
HG02356					
HG02360					
HG02364					
HG02367					
HG02371					
HG02373					
HG02374					
HG02375					
HG02379					
HG02380					
HG02382					
HG02383					
HG02384					
HG02385					
HG02386					
HG02389					
HG02390					
HG02391					
HG02392					
HG02394					
HG02395					
HG02396					
HG02397					
HG02398					
HG02399					
HG02401					
HG02402					
HG02406					
HG02407					
HG02408					
HG02409					
HG02410					
HG02419					
HG02420					
HG02425					
HG02427					
HG02429					
HG02433					
HG02439					
HG02442					
HG02445					
HG02449	7	3	ACB	AFR	2
HG02450	4	1	ACB	AFR	2
HG02451	1	3	ACB	AFR	2
HG02455					
HG02461	2	3	GWD	AFR	2
HG02462	3	1	GWD	AFR	2
HG02463	1	3	GWD	AFR	2
HG02464	3	2	GWD	AFR	2
HG02465	9	3	GWD	AFR	2
HG02466	3	2	GWD	AFR	2
HG02470					
HG02471					
HG02476					
HG02477					
HG02479					
HG02481					
HG02484					
HG02485					
HG02489					
HG02490	2	1	PJL	SAS	2
HG02491	2	3	PJL	SAS	2
HG02492	3	1	PJL	SAS	2
HG02493	3	2	PJL	SAS	2
HG02494	3	3	PJL	SAS	2
HG02495	3	2	PJL	SAS	2
HG02496					
HG02497					
HG02501					
HG02502					
HG02505					
HG02508					
HG02511					
HG02512	3	4	KHV	EAS	2
HG02513	2	4	KHV	EAS	2
HG02514	4	4	KHV	EAS	2
HG02521	3	3	KHV	EAS	2
HG02522	3	2	KHV	EAS	2
HG02523	2	3	KHV	EAS	2
HG02524	3	2	KHV	EAS	2
HG02525	3	2	KHV	EAS	2
HG02526	2	2	KHV	EAS	2
HG02536					
HG02537					
HG02541					
HG02545					
HG02546					
HG02549					
HG02554					
HG02555					
HG02557					
HG02558					
HG02561	1	1	GWD	AFR	2
HG02562	3	1	GWD	AFR	2
HG02563	1	1	GWD	AFR	2
HG02568	4	3	GWD	AFR	2
HG02569	3	3	GWD	AFR	2
HG02570	4	3	GWD	AFR	2
HG02571	4	12	GWD	AFR	2
HG02572	12	3	GWD	AFR	2
HG02573	1	7	GWD	AFR	2
HG02574	7	1	GWD	AFR	2
HG02575	1	7	GWD	AFR	2
HG02577					
HG02580					
HG02582	3	3	GWD	AFR	2
HG02583	6	1	GWD	AFR	2
HG02584	1	3	GWD	AFR	2
HG02585	1	8	GWD	AFR	2
HG02586	1	3	GWD	AFR	2
HG02587	3	8	GWD	AFR	2
HG02588	3	1	GWD	AFR	2
HG02589	2	6	GWD	AFR	2
HG02590	6	1	GWD	AFR	2
HG02594	1	1	GWD	AFR	2
HG02595	1	1	GWD	AFR	2
HG02596	1	1	GWD	AFR	2
HG02597					
HG02600	2	2	PJL	SAS	2
HG02601	1	3	PJL	SAS	2
HG02602	3	2	PJL	SAS	2
HG02603	2	3	PJL	SAS	2
HG02604	2	1	PJL	SAS	2
HG02605	1	3	PJL	SAS	2
HG02610	7	1	GWD	AFR	2
HG02611	6	3	GWD	AFR	2
HG02612	3	1	GWD	AFR	2
HG02613	3	9	GWD	AFR	2
HG02614	1	1	GWD	AFR	2
HG02615	1	9	GWD	AFR	2
HG02620	1	9	GWD	AFR	2
HG02621	2	6	GWD	AFR	2
HG02622	6	9	GWD	AFR	2
HG02623	1	2	GWD	AFR	2
HG02624	7	6	GWD	AFR	2
HG02625	6	2	GWD	AFR	2
HG02628	2	3	GWD	AFR	2
HG02629	1	3	GWD	AFR	2
HG02630	3	3	GWD	AFR	2
HG02634	1	1	GWD	AFR	2
HG02635	3	1	GWD	AFR	2
HG02636	1	1	GWD	AFR	2
HG02642	1	7	GWD	AFR	2
HG02643	1	1	GWD	AFR	2
HG02644	1	7	GWD	AFR	2
HG02645	1	6	GWD	AFR	2
HG02646	1	1	GWD	AFR	2
HG02647	1	6	GWD	AFR	2
HG02648	2	1	PJL	SAS	2
HG02649	2	2	PJL	SAS	2
HG02650	2	1	PJL	SAS	2
HG02651	3	1	PJL	SAS	2
HG02652	2	2	PJL	SAS	2
HG02653	2	1	PJL	SAS	2
HG02654	3	3	PJL	SAS	2
HG02655	3	1	PJL	SAS	2
HG02656	1	3	PJL	SAS	2
HG02657	3	2	PJL	SAS	2
HG02658	3	3	PJL	SAS	2
HG02659	3	2	PJL	SAS	2
HG02660	3	3	PJL	SAS	2
HG02661	3	3	PJL	SAS	2
HG02662	3	3	PJL	SAS	2
HG02666	1	1	GWD	AFR	2
HG02667	3	1	GWD	AFR	2
HG02668	1	1	GWD	AFR	2
HG02675	3	9	GWD	AFR	2
HG02676	1	7	GWD	AFR	2
HG02677	7	9	GWD	AFR	2
HG02678	2	2	GWD	AFR	2
HG02679	3	1	GWD	AFR	2
HG02680	1	2	GWD	AFR	2
HG02681	2	3	PJL	SAS	2
HG02682	2	3	PJL	SAS	2
HG02683	3	3	PJL	SAS	2
HG02684	1	1	PJL	SAS	2
HG02685	3	4	PJL	SAS	2
HG02686	4	1	PJL	SAS	2
HG02687	1	4	PJL	SAS	2
HG02688	2	3	PJL	SAS	2
HG02689	3	4	PJL	SAS	2
HG02690	4	3	PJL	SAS	2
HG02691	3	1	PJL	SAS	2
HG02692	1	3	PJL	SAS	2
HG02694					
HG02696	4	1	PJL	SAS	2
HG02697	3	2	PJL	SAS	2
HG02698	2	1	PJL	SAS	2
HG02699	4	4	PJL	SAS	2
HG02700	1	3	PJL	SAS	2
HG02701	3	4	PJL	SAS	2
HG02702	6	3	GWD	AFR	2
HG02703	1	1	GWD	AFR	2
HG02704	1	3	GWD	AFR	2
HG02715	3	9	GWD	AFR	2
HG02716	3	2	GWD	AFR	2
HG02717	2	9	GWD	AFR	2
HG02721	1	1	GWD	AFR	2
HG02722	7	2	GWD	AFR	2
HG02723	2	1	GWD	AFR	2
HG02724	2	5	PJL	SAS	2
HG02725	2	1	PJL	SAS	2
HG02726	1	5	PJL	SAS	2
HG02727	4	2	PJL	SAS	2
HG02728	1	3	PJL	SAS	2
HG02729	3	2	PJL	SAS	2
HG02731					
HG02733	2	4	PJL	SAS	2
HG02734	3	3	PJL	SAS	2
HG02735	3	4	PJL	SAS	2
HG02736	1	2	PJL	SAS	2
HG02737	3	3	PJL	SAS	2
HG02738	3	2	PJL	SAS	2
HG02756					
HG02757					
HG02759	1	1	GWD	AFR	2
HG02760	3	1	GWD	AFR	2
HG02761	1	1	GWD	AFR	2
HG02762	4	1	GWD	AFR	2
HG02763	11	1	GWD	AFR	2
HG02764	1	1	GWD	AFR	2
HG02768	4	3	GWD	AFR	2
HG02769	3	9	GWD	AFR	2
HG02770	9	3	GWD	AFR	2
HG02771	1	1	GWD	AFR	2
HG02772	1	1	GWD	AFR	2
HG02773	1	1	GWD	AFR	2
HG02774	3	4	PJL	SAS	2
HG02775	4	2	PJL	SAS	2
HG02776	2	4	PJL	SAS	2
HG02778					
HG02780					
HG02783	3	3	PJL	SAS	2
HG02784	2	5	PJL	SAS	2
HG02785	5	3	PJL	SAS	2
HG02786	1	3	PJL	SAS	2
HG02787	3	3	PJL	SAS	2
HG02788	3	3	PJL	SAS	2
HG02789	2	5	PJL	SAS	2
HG02790	3	2	PJL	SAS	2
HG02791	2	5	PJL	SAS	2
HG02792	2	3	PJL	SAS	2
HG02793	1	5	PJL	SAS	2
HG02794	5	3	PJL	SAS	2
HG02798	7	2	GWD	AFR	2
HG02799	4	2	GWD	AFR	2
HG02800	2	2	GWD	AFR	2
HG02804	9	7	GWD	AFR	2
HG02805	7	1	GWD	AFR	2
HG02806	1	7	GWD	AFR	2
HG02807	6	11	GWD	AFR	2
HG02808	1	3	GWD	AFR	2
HG02809	3	11	GWD	AFR	2
HG02810	1	1	GWD	AFR	2
HG02811	9	2	GWD	AFR	2
HG02812	2	1	GWD	AFR	2
HG02813	1	3	GWD	AFR	2
HG02814	11	1	GWD	AFR	2
HG02815	1	3	GWD	AFR	2
HG02816	3	1	GWD	AFR	2
HG02817	12	1	GWD	AFR	2
HG02818	1	1	GWD	AFR	2
HG02819	7	3	GWD	AFR	2
HG02820	1	2	GWD	AFR	2
HG02821	2	3	GWD	AFR	2
HG02836	1	3	GWD	AFR	2
HG02837	3	1	GWD	AFR	2
HG02838	1	3	GWD	AFR	2
HG02839	1	3	GWD	AFR	2
HG02840	2	3	GWD	AFR	2
HG02841	3	3	GWD	AFR	2
HG02851	3	1	GWD	AFR	2
HG02852	1	3	GWD	AFR	2
HG02853	3	1	GWD	AFR	2
HG02854	3	1	GWD	AFR	2
HG02855	1	1	GWD	AFR	2
HG02856	1	1	GWD	AFR	2
HG02860	1	7	GWD	AFR	2
HG02861	1	1	GWD	AFR	2
HG02862	1	7	GWD	AFR	2
HG02869	2	11	GWD	AFR	2
HG02870	1	1	GWD	AFR	2
HG02871	1	11	GWD	AFR	2
HG02878	1	7	GWD	AFR	2
HG02879	1	3	GWD	AFR	2
HG02880	3	7	GWD	AFR	2
HG02881	1	2	GWD	AFR	2
HG02882	1	7	GWD	AFR	2
HG02883	7	2	GWD	AFR	2
HG02884	1	1	GWD	AFR	2
HG02885	1	1	GWD	AFR	2
HG02886	1	1	GWD	AFR	2
HG02887	2	3	GWD	AFR	2
HG02888	1	1	GWD	AFR	2
HG02889	1	3	GWD	AFR	2
HG02890	6	1	GWD	AFR	2
HG02891	1	1	GWD	AFR	2
HG02892	1	1	GWD	AFR	2
HG02895	1	3	GWD	AFR	2
HG02896	7	1	GWD	AFR	2
HG02897	1	3	GWD	AFR	2
HG02922	2	6	ESN	AFR	2
HG02923	4	2	ESN	AFR	2
HG02924	6	2	ESN	AFR	2
HG02938					
HG02941					
HG02943	3	1	ESN	AFR	2
HG02944	2	1	ESN	AFR	2
HG02945	1	1	ESN	AFR	2
HG02946	7	1	ESN	AFR	2
HG02947	1	11	ESN	AFR	2
HG02948	1	11	ESN	AFR	2
HG02952	1	12	ESN	AFR	2
HG02953	11	3	ESN	AFR	2
HG02954	12	3	ESN	AFR	2
HG02964	7	2	ESN	AFR	2
HG02965	10	1	ESN	AFR	2
HG02966	2	1	ESN	AFR	2
HG02968					
HG02970	1	12	ESN	AFR	2
HG02971	2	1	ESN	AFR	2
HG02972	12	1	ESN	AFR	2
HG02973	3	1	ESN	AFR	2
HG02974	1	2	ESN	AFR	2
HG02975	2	1	ESN	AFR	2
HG02976	2	11	ESN	AFR	2
HG02977	3	3	ESN	AFR	2
HG02978	11	3	ESN	AFR	2
HG02979	1	1	ESN	AFR	2
HG02980	1	2	ESN	AFR	2
HG02981	2	2	ESN	AFR	2
HG02982	1	1	GWD	AFR	2
HG02983	3	3	GWD	AFR	2
HG02984	3	1	GWD	AFR	2
HG03006	3	3	BEB	SAS	2
HG03007	3	1	BEB	SAS	2
HG03008	1	3	BEB	SAS	2
HG03009					
HG03012					
HG03015	2	1	PJL	SAS	2
HG03016	3	2	PJL	SAS	2
HG03017	2	1	PJL	SAS	2
HG03018					
HG03019					
HG03021					
HG03022					
HG03024	3	1	GWD	AFR	2
HG03025	3	1	GWD	AFR	2
HG03026	1	1	GWD	AFR	2
HG03027	1	2	GWD	AFR	2
HG03028	1	2	GWD	AFR	2
HG03029	2	2	GWD	AFR	2
HG03033	1	8	GWD	AFR	2
HG03034	1	3	GWD	AFR	2
HG03035	3	8	GWD	AFR	2
HG03039	2	2	GWD	AFR	2
HG03040	2	2	GWD	AFR	2
HG03041	2	2	GWD	AFR	2
HG03045	9	7	GWD	AFR	2
HG03046	1	1	GWD	AFR	2
HG03047	1	7	GWD	AFR	2
HG03048	3	3	GWD	AFR	2
HG03049	1	12	GWD	AFR	2
HG03050	12	3	GWD	AFR	2
HG03052					
HG03054	7	1	MSL	AFR	2
HG03055	1	4	MSL	AFR	2
HG03056	4	1	MSL	AFR	2
HG03057					
HG03058					
HG03060					
HG03061					
HG03063	1	9	MSL	AFR	2
HG03064	1	1	MSL	AFR	2
HG03065	1	9	MSL	AFR	2
HG03066					
HG03069					
HG03072					
HG03073					
HG03074					
HG03077					
HG03078					
HG03079					
HG03081					
HG03082					
HG03084					
HG03085					
HG03086					
HG03088					
HG03091					
HG03095					
HG03096	9	7	MSL	AFR	2
HG03097	1	2	MSL	AFR	2
HG03098	2	7	MSL	AFR	2
HG03099	10	2	ESN	AFR	2
HG03100	4	2	ESN	AFR	2
HG03101	2	2	ESN	AFR	2
HG03103					
HG03105					
HG03108	12	1	ESN	AFR	2
HG03109	1	2	ESN	AFR	2
HG03110	1	2	ESN	AFR	2
HG03111	3	1	ESN	AFR	2
HG03112	2	1	ESN	AFR	2
HG03113	1	1	ESN	AFR	2
HG03114	3	10	ESN	AFR	2
HG03115	4	2	ESN	AFR	2
HG03116	10	2	ESN	AFR	2
HG03117	13	1	ESN	AFR	2
HG03118	3	1	ESN	AFR	2
HG03119	1	1	ESN	AFR	2
HG03120	2	1	ESN	AFR	2
HG03121	4	4	ESN	AFR	2
HG03122	4	1	ESN	AFR	2
HG03123	2	2	ESN	AFR	2
HG03124	3	2	ESN	AFR	2
HG03125	2	2	ESN	AFR	2
HG03126	3	1	ESN	AFR	2
HG03127	1	1	ESN	AFR	2
HG03128	1	1	ESN	AFR	2
HG03129	1	3	ESN	AFR	2
HG03130	2	3	ESN	AFR	2
HG03131	3	3	ESN	AFR	2
HG03132	6	3	ESN	AFR	2
HG03133	3	3	ESN	AFR	2
HG03134	3	3	ESN	AFR	2
HG03135	1	1	ESN	AFR	2
HG03136	4	3	ESN	AFR	2
HG03137	1	3	ESN	AFR	2
HG03139					
HG03157					
HG03159	2	12	ESN	AFR	2
HG03160	2	1	ESN	AFR	2
HG03161	12	1	ESN	AFR	2
HG03162	2	2	ESN	AFR	2
HG03163	4	3	ESN	AFR	2
HG03164	2	3	ESN	AFR	2
HG03166					
HG03168	1	3	ESN	AFR	2
HG03169	2	1	ESN	AFR	2
HG03170	3	1	ESN	AFR	2
HG03172					
HG03175					
HG03189	3	10	ESN	AFR	2
HG03190	2	1	ESN	AFR	2
HG03191	10	1	ESN	AFR	2
HG03193					
HG03195	2	2	ESN	AFR	2
HG03196	1	3	ESN	AFR	2
HG03197	2	3	ESN	AFR	2
HG03198	10	1	ESN	AFR	2
HG03199	1	12	ESN	AFR	2
HG03200	1	12	ESN	AFR	2
HG03202					
HG03209					
HG03212					
HG03224					
HG03225					
HG03228	3	4	PJL	SAS	2
HG03229	3	3	PJL	SAS	2
HG03230	3	4	PJL	SAS	2
HG03234	3	2	PJL	SAS	2
HG03235	3	2	PJL	SAS	2
HG03236	2	2	PJL	SAS	2
HG03237	3	2	PJL	SAS	2
HG03238	1	3	PJL	SAS	2
HG03239	3	2	PJL	SAS	2
HG03240	7	1	GWD	AFR	2
HG03241	3	2	GWD	AFR	2
HG03242	2	1	GWD	AFR	2
HG03246	1	3	GWD	AFR	2
HG03247	3	1	GWD	AFR	2
HG03248	1	3	GWD	AFR	2
HG03249	1	1	GWD	AFR	2
HG03250	3	1	GWD	AFR	2
HG03251	1	1	GWD	AFR	2
HG03258	1	2	GWD	AFR	2
HG03259	4	2	GWD	AFR	2
HG03260	2	2	GWD	AFR	2
HG03265					
HG03267	2	3	ESN	AFR	2
HG03268	1	12	ESN	AFR	2
HG03269	3	12	ESN	AFR	2
HG03270	1	7	ESN	AFR	2
HG03271	3	1	ESN	AFR	2
HG03272	7	1	ESN	AFR	2
HG03279					
HG03280					
HG03291					
HG03294	1	1	ESN	AFR	2
HG03295	1	6	ESN	AFR	2
HG03296	1	6	ESN	AFR	2
HG03297	3	1	ESN	AFR	2
HG03298	2	1	ESN	AFR	2
HG03299	1	1	ESN	AFR	2
HG03300	1	1	ESN	AFR	2
HG03301	11	9	ESN	AFR	2
HG03302	1	9	ESN	AFR	2
HG03303	3	2	ESN	AFR	2
HG03304	1	6	ESN	AFR	2
HG03305	2	6	ESN	AFR	2
HG03306	2	2	ESN	AFR	2
HG03307	3	2	ESN	AFR	2
HG03308	2	2	ESN	AFR	2
HG03309	1	2	ESN	AFR	2
HG03310	2	3	ESN	AFR	2
HG03311	2	3	ESN	AFR	2
HG03312	1	3	ESN	AFR	2
HG03313	1	6	ESN	AFR	2
HG03314	3	6	ESN	AFR	2
HG03342	1	2	ESN	AFR	2
HG03343	2	1	ESN	AFR	2
HG03344	2	1	ESN	AFR	2
HG03350	4	1	ESN	AFR	2
HG03351	1	4	ESN	AFR	2
HG03352	3	1	ESN	AFR	2
HG03354					
HG03363					
HG03366	2	6	ESN	AFR	2
HG03367	1	12	ESN	AFR	2
HG03368	6	12	ESN	AFR	2
HG03369	11	1	ESN	AFR	2
HG03370	11	3	ESN	AFR	2
HG03371	1	3	ESN	AFR	2
HG03372	4	1	ESN	AFR	2
HG03373	1	1	ESN	AFR	2
HG03374	1	1	ESN	AFR	2
HG03376					
HG03378					
HG03380					
HG03382					
HG03385					
HG03388					
HG03391					
HG03394					
HG03397					
HG03401					
HG03410					
HG03419					
HG03428					
HG03432					
HG03433					
HG03436					
HG03437					
HG03438	6	9	MSL	AFR	2
HG03439					
HG03442					
HG03445					
HG03446					
HG03449					
HG03451	1	3	MSL	AFR	2
HG03452	1	9	MSL	AFR	2
HG03453	9	3	MSL	AFR	2
HG03454	11	1	MSL	AFR	2
HG03455	11	12	MSL	AFR	2
HG03456	12	1	MSL	AFR	2
HG03457					
HG03458					
HG03460					
HG03461					
HG03464					
HG03469	1	9	MSL	AFR	2
HG03470	4	6	MSL	AFR	2
HG03472					
HG03473					
HG03476					
HG03478	2	9	MSL	AFR	2
HG03479	3	2	MSL	AFR	2
HG03480	2	9	MSL	AFR	2
HG03484	1	2	MSL	AFR	2
HG03485	2	1	MSL	AFR	2
HG03486	1	2	MSL	AFR	2
HG03487	2	2	PJL	SAS	2
HG03488	3	1	PJL	SAS	2
HG03489	1	2	PJL	SAS	2
HG03490	1	1	PJL	SAS	2
HG03491	1	3	PJL	SAS	2
HG03492	3	1	PJL	SAS	2
HG03499					
HG03511					
HG03514	1	4	ESN	AFR	2
HG03515	3	1	ESN	AFR	2
HG03516	4	1	ESN	AFR	2
HG03517	1	1	ESN	AFR	2
HG03518	2	1	ESN	AFR	2
HG03519	1	1	ESN	AFR	2
HG03520	2	3	ESN	AFR	2
HG03521	1	2	ESN	AFR	2
HG03522	3	2	ESN	AFR	2
HG03538	6	2	GWD	AFR	2
HG03539	7	3	GWD	AFR	2
HG03540	3	2	GWD	AFR	2
HG03547					
HG03548					
HG03556					
HG03557					
HG03558					
HG03559					
HG03563					
HG03565					
HG03567					
HG03571					
HG03572					
HG03574	12	1	MSL	AFR	2
HG03575	7	1	MSL	AFR	2
HG03576	1	1	MSL	AFR	2
HG03577	9	3	MSL	AFR	2
HG03578	1	7	MSL	AFR	2
HG03579	7	3	MSL	AFR	2
HG03582	1	1	MSL	AFR	2
HG03583	4	1	MSL	AFR	2
HG03584	1	1	MSL	AFR	2
HG03585					
HG03589					
HG03593					
HG03594	3	4	BEB	SAS	2
HG03595	3	2	BEB	SAS	2
HG03596	2	4	BEB	SAS	2
HG03598					
HG03600					
HG03603					
HG03604					
HG03605	3	2	BEB	SAS	2
HG03606	3	2	BEB	SAS	2
HG03607	1	3	BEB	SAS	2
HG03611					
HG03615	3	3	BEB	SAS	2
HG03616	3	3	BEB	SAS	2
HG03617	3	3	BEB	SAS	2
HG03618	2	3	PJL	SAS	2
HG03619	1	3	PJL	SAS	2
HG03620	3	3	PJL	SAS	2
HG03624	3	3	PJL	SAS	2
HG03625	2	4	PJL	SAS	2
HG03626	4	3	PJL	SAS	2
HG03629					
HG03631					
HG03633	2	1	PJL	SAS	2
HG03634	4	5	PJL	SAS	2
HG03635	5	1	PJL	SAS	2
HG03636					
HG03639	3	5	PJL	SAS	2
HG03640	2	2	PJL	SAS	2
HG03641	2	5	PJL	SAS	2
HG03642	1	3	STU	SAS	2
HG03643					
HG03644					
HG03645					
HG03646					
HG03649	1	3	PJL	SAS	2
HG03650	3	3	PJL	SAS	2
HG03651	3	3	PJL	SAS	2
HG03652	3	3	PJL	SAS	2
HG03653	3	4	PJL	SAS	2
HG03654	4	3	PJL	SAS	2
HG03660					
HG03663					
HG03667	2	3	PJL	SAS	2
HG03668	3	1	PJL	SAS	2
HG03669	1	3	PJL	SAS	2
HG03672					
HG03673					
HG03679	4	3	STU	SAS	2
HG03680					
HG03681					
HG03682	3	3	STU	SAS	2
HG03683	2	3	STU	SAS	2
HG03684	3	2	STU	SAS	2
HG03685					
HG03686					
HG03687					
HG03688	1	3	STU	SAS	2
HG03689					
HG03690					
HG03691					
HG03692					
HG03693					
HG03694					
HG03695					
HG03696					
HG03697					
HG03698					
HG03699	4	2	PJL	SAS	2
HG03700	3	2	PJL	SAS	2
HG03701	2	2	PJL	SAS	2
HG03702	2	3	PJL	SAS	2
HG03703	3	2	PJL	SAS	2
HG03704	2	3	PJL	SAS	2
HG03705	3	2	PJL	SAS	2
HG03706	3	1	PJL	SAS	2
HG03707	1	2	PJL	SAS	2
HG03708	3	3	PJL	SAS	2
HG03709	1	3	PJL	SAS	2
HG03710	3	3	PJL	SAS	2
HG03711					
HG03713					
HG03714					
HG03716					
HG03717					
HG03718					
HG03719	1	3	ITU	SAS	2
HG03720					
HG03721	5	2	ITU	SAS	2
HG03722	2	1	ITU	SAS	2
HG03725	1	3	ITU	SAS	2
HG03727	3	2	ITU	SAS	2
HG03729					
HG03730					
HG03731					
HG03732	2	2	ITU	SAS	2
HG03733					
HG03736					
HG03738					
HG03740					
HG03741					
HG03742					
HG03743					
HG03744					
HG03745					
HG03746					
HG03750					
HG03752					
HG03753					
HG03754					
HG03755					
HG03756					
HG03757					
HG03760					
HG03761	1	1	PJL	SAS	2
HG03762	1	1	PJL	SAS	2
HG03763	1	1	PJL	SAS	2
HG03765					
HG03767					
HG03770					
HG03771					
HG03772					
HG03773					
HG03774					
HG03775					
HG03777					
HG03778					
HG03779					
HG03780					
HG03781					
HG03782					
HG03784					
HG03785					
HG03786					
HG03787					
HG03788					
HG03789					
HG03790					
HG03792					
HG03793	4	2	BEB	SAS	2
HG03794	2	3	BEB	SAS	2
HG03795	2	3	BEB	SAS	2
HG03796	1	2	BEB	SAS	2
HG03797	2	3	BEB	SAS	2
HG03798	2	3	BEB	SAS	2
HG03799	3	2	BEB	SAS	2
HG03800	3	2	BEB	SAS	2
HG03801	2	2	BEB	SAS	2
HG03802	2	1	BEB	SAS	2
HG03803	3	3	BEB	SAS	2
HG03804	1	3	BEB	SAS	2
HG03805	4	2	BEB	SAS	2
HG03806	3	1	BEB	SAS	2
HG03807	2	1	BEB	SAS	2
HG03808					
HG03809					
HG03812					
HG03814	2	1	BEB	SAS	2
HG03815	3	3	BEB	SAS	2
HG03816	1	3	BEB	SAS	2
HG03817					
HG03821					
HG03823	3	2	BEB	SAS	2
HG03824	3	3	BEB	SAS	2
HG03825	2	3	BEB	SAS	2
HG03826					
HG03829	2	3	BEB	SAS	2
HG03830	5	2	BEB	SAS	2
HG03831	3	2	BEB	SAS	2
HG03832	1	2	BEB	SAS	2
HG03833	1	2	BEB	SAS	2
HG03834	2	2	BEB	SAS	2
HG03836					
HG03837					
HG03838					
HG03844					
HG03846					
HG03848					
HG03849					
HG03850					
HG03851					
HG03854					
HG03856					
HG03857					
HG03858					
HG03861					
HG03862					
HG03863					
HG03864					
HG03866					
HG03867					
HG03868					
HG03869					
HG03870					
HG03871					
HG03872					
HG03873					
HG03874					
HG03875					
HG03882					
HG03884					
HG03885	3	3	STU	SAS	2
HG03886	4	1	STU	SAS	2
HG03887					
HG03888					
HG03890					
HG03894	2	3	STU	SAS	2
HG03895					
HG03896	3	2	STU	SAS	2
HG03897					
HG03898					
HG03899					
HG03900					
HG03902					
HG03904	3	3	BEB	SAS	2
HG03905	5	1	BEB	SAS	2
HG03906	3	1	BEB	SAS	2
HG03907	4	3	BEB	SAS	2
HG03908	2	4	BEB	SAS	2
HG03909	3	4	BEB	SAS	2
HG03910					
HG03911					
HG03913	3	3	BEB	SAS	2
HG03914	3	2	BEB	SAS	2
HG03915	3	2	BEB	SAS	2
HG03916					
HG03917					
HG03919					
HG03920					
HG03922					
HG03925	1	2	BEB	SAS	2
HG03926	2	3	BEB	SAS	2
HG03927	2	3	BEB	SAS	2
HG03928	2	1	BEB	SAS	2
HG03929	3	2	BEB	SAS	2
HG03930	1	2	BEB	SAS	2
HG03931					
HG03934					
HG03937					
HG03940	3	3	BEB	SAS	2
HG03941	1	3	BEB	SAS	2
HG03942	3	3	BEB	SAS	2
HG03943	2	2	STU	SAS	2
HG03944	4	3	STU	SAS	2
HG03945					
HG03947					
HG03949					
HG03950					
HG03951					
HG03953					
HG03955					
HG03960					
HG03963					
HG03965					
HG03967					
HG03968					
HG03969					
HG03971					
HG03973					
HG03974					
HG03976					
HG03977					
HG03978					
HG03985					
HG03986					
HG03989					
HG03990					
HG03991					
HG03992	3	2	STU	SAS	2
HG03995					
HG03998					
HG03999					
HG04001					
HG04002					
HG04003					
HG04006					
HG04014					
HG04015					
HG04017					
HG04018					
HG04019					
HG04020					
HG04022					
HG04023					
HG04025					
HG04026					
HG04029					
HG04033					
HG04035					
HG04036	3	2	STU	SAS	2
HG04038					
HG04039					
HG04042					
HG04047					
HG04054					
HG04056					
HG04059					
HG04060					
HG04061					
HG04062					
HG04063					
HG04070					
HG04075	2	2	STU	SAS	2
HG04076					
HG04080					
HG04090					
HG04093					
HG04094					
HG04096					
HG04098					
HG04099	2	2	STU	SAS	2
HG04100	3	2	STU	SAS	2
HG04106					
HG04107					
HG04115	3	2	STU	SAS	2
HG04118					
HG04122	2	3	STU	SAS	2
HG04127	3	3	STU	SAS	2
HG04131	2	3	BEB	SAS	2
HG04132	2	3	BEB	SAS	2
HG04133	3	3	BEB	SAS	2
HG04134	3	1	BEB	SAS	2
HG04135	2	3	BEB	SAS	2
HG04136	3	1	BEB	SAS	2
HG04140	3	3	BEB	SAS	2
HG04141	3	1	BEB	SAS	2
HG04142	1	3	BEB	SAS	2
HG04144					
HG04146	4	5	BEB	SAS	2
HG04147	5	5	BEB	SAS	2
HG04148	5	5	BEB	SAS	2
HG04149	1	3	BEB	SAS	2
HG04150	3	1	BEB	SAS	2
HG04151	1	3	BEB	SAS	2
HG04152					
HG04153					
HG04155	3	3	BEB	SAS	2
HG04156	3	2	BEB	SAS	2
HG04157	2	3	BEB	SAS	2
HG04158	3	3	BEB	SAS	2
HG04159	1	3	BEB	SAS	2
HG04160	3	3	BEB	SAS	2
HG04161					
HG04162					
HG04164					
HG04171					
HG04173	1	2	BEB	SAS	2
HG04174	3	1	BEB	SAS	2
HG04175	1	2	BEB	SAS	2
HG04176					
HG04177					
HG04180					
HG04182	3	3	BEB	SAS	2
HG04183	2	4	BEB	SAS	2
HG04184	4	3	BEB	SAS	2
HG04185	3	2	BEB	SAS	2
HG04186	3	4	BEB	SAS	2
HG04187	4	2	BEB	SAS	2
HG04188					
HG04189					
HG04191	2	3	BEB	SAS	2
HG04192	5	3	BEB	SAS	2
HG04193	3	3	BEB	SAS	2
HG04194					
HG04195					
HG04198	2	2	ITU	SAS	2
HG04199	2	2	STU	SAS	2
HG04200	2	2	ITU	SAS	2
HG04202					
HG04204	3	3	STU	SAS	2
HG04206					
HG04209					
HG04210					
HG04211					
HG04212					
HG04214					
HG04215	3	3	STU	SAS	2
HG04216					
HG04217	2	2	ITU	SAS	2
HG04219					
HG04222					
HG04225					
HG04227	3	3	STU	SAS	2
HG04228	3	3	STU	SAS	2
HG04229	1	3	STU	SAS	2
HG04235					
HG04238					
HG04239					
NA06984	3	3	CEU	EUR	2
NA06985	4	1	CEU	EUR	2
NA06986	2	3	CEU	EUR	2
NA06989	3	3	CEU	EUR	2
NA06991	1	5	CEU	EUR	2
NA06993	2	5	CEU	EUR	2
NA06994	3	3	CEU	EUR	2
NA06995	4	4	CEU	EUR	2
NA06997	3	3	CEU	EUR	2
NA07000	4	3	CEU	EUR	2
NA07014	3	1	CEU	EUR	2
NA07019	1	3	CEU	EUR	2
NA07022	1	3	CEU	EUR	2
NA07029	3	3	CEU	EUR	2
NA07031	3	3	CEU	EUR	2
NA07034	1	3	CEU	EUR	2
NA07037	1	4	CEU	EUR	2
NA07045	1	3	CEU	EUR	2
NA07048	1	3	CEU	EUR	2
NA07051	1	1	CEU	EUR	2
NA07055	3	1	CEU	EUR	2
NA07056	5	1	CEU	EUR	2
NA07345	3	4	CEU	EUR	2
NA07346	3	1	CEU	EUR	2
NA07347	3	3	CEU	EUR	2
NA07348	4	3	CEU	EUR	2
NA07349	1	3	CEU	EUR	2
NA07357	2	3	CEU	EUR	2
NA07435	3	4	CEU	EUR	2
NA10830	5	1	CEU	EUR	2
NA10831	4	1	CEU	EUR	2
NA10835	3	3	CEU	EUR	2
NA10836	3	3	CEU	EUR	2
NA10837	3	4	CEU	EUR	2
NA10838	3	1	CEU	EUR	2
NA10839	3	2	CEU	EUR	2
NA10840	3	1	CEU	EUR	2
NA10842	3	4	CEU	EUR	2
NA10843	3	2	CEU	EUR	2
NA10845	1	3	CEU	EUR	2
NA10846	1	3	CEU	EUR	2
NA10847	3	1	CEU	EUR	2
NA10851	3	5	CEU	EUR	2
NA10852	3	1	CEU	EUR	2
NA10854	3	5	CEU	EUR	2
NA10855	1	5	CEU	EUR	2
NA10856	1	5	CEU	EUR	2
NA10857	2	3	CEU	EUR	2
NA10859	2	3	CEU	EUR	2
NA10860	3	4	CEU	EUR	2
NA10861	4	4	CEU	EUR	2
NA10863	3	1	CEU	EUR	2
NA10864	3	1	CEU	EUR	2
NA10865	3	1	CEU	EUR	2
NA11829	3	5	CEU	EUR	2
NA11830	4	1	CEU	EUR	2
NA11831	3	5	CEU	EUR	2
NA11832	3	1	CEU	EUR	2
NA11839	3	5	CEU	EUR	2
NA11840	3	3	CEU	EUR	2
NA11843					
NA11881	3	3	CEU	EUR	2
NA11882	1	2	CEU	EUR	2
NA11891	1	1	CEU	EUR	2
NA11892	2	3	CEU	EUR	2
NA11893	3	1	CEU	EUR	2
NA11894	3	3	CEU	EUR	2
NA11917	3	4	CEU	EUR	2
NA11918	1	3	CEU	EUR	2
NA11919	1	2	CEU	EUR	2
NA11920	3	3	CEU	EUR	2
NA11930	1	3	CEU	EUR	2
NA11931	3	1	CEU	EUR	2
NA11932					
NA11933					
NA11992	3	4	CEU	EUR	2
NA11993	3	3	CEU	EUR	2
NA11994	2	4	CEU	EUR	2
NA11995	4	4	CEU	EUR	2
NA12003	3	1	CEU	EUR	2
NA12004	4	3	CEU	EUR	2
NA12005	2	2	CEU	EUR	2
NA12006	1	3	CEU	EUR	2
NA12043	4	3	CEU	EUR	2
NA12044	1	2	CEU	EUR	2
NA12045	5	1	CEU	EUR	2
NA12046	5	3	CEU	EUR	2
NA12056	4	5	CEU	EUR	2
NA12057	4	3	CEU	EUR	2
NA12058					
NA12144	4	3	CEU	EUR	2
NA12145	3	1	CEU	EUR	2
NA12146	5	1	CEU	EUR	2
NA12154	3	1	CEU	EUR	2
NA12155	1	1	CEU	EUR	2
NA12156	5	4	CEU	EUR	2
NA12234	3	3	CEU	EUR	2
NA12236	4	5	CEU	EUR	2
NA12239	3	3	CEU	EUR	2
NA12248	3	3	CEU	EUR	2
NA12249	3	3	CEU	EUR	2
NA12264	2	1	CEU	EUR	2
NA12272	2	4	CEU	EUR	2
NA12273	2	3	CEU	EUR	2
NA12274	3	3	CEU	EUR	2
NA12275	4	3	CEU	EUR	2
NA12282					
NA12283					
NA12286	3	1	CEU	EUR	2
NA12287	3	3	CEU	EUR	2
NA12329	3	3	CEU	EUR	2
NA12335	1	3	CEU	EUR	2
NA12336	3	3	CEU	EUR	2
NA12340	3	3	CEU	EUR	2
NA12341	5	1	CEU	EUR	2
NA12342	3	3	CEU	EUR	2
NA12343	3	3	CEU	EUR	2
NA12344	1	3	CEU	EUR	2
NA12347	2	3	CEU	EUR	2
NA12348	5	1	CEU	EUR	2
NA12376	3	3	CEU	EUR	2
NA12383					
NA12386	4	2	CEU	EUR	2
NA12399	3	2	CEU	EUR	2
NA12400	4	4	CEU	EUR	2
NA12413	1	4	CEU	EUR	2
NA12414	3	3	CEU	EUR	2
NA12485	3	4	CEU	EUR	2
NA12489	3	3	CEU	EUR	2
NA12546	3	3	CEU	EUR	2
NA12707	3	3	CEU	EUR	2
NA12716	3	3	CEU	EUR	2
NA12717	5	3	CEU	EUR	2
NA12718					
NA12739	3	1	CEU	EUR	2
NA12740	4	4	CEU	EUR	2
NA12748	3	1	CEU	EUR	2
NA12749	1	3	CEU	EUR	2
NA12750	3	4	CEU	EUR	2
NA12751	3	4	CEU	EUR	2
NA12752	3	1	CEU	EUR	2
NA12753	3	3	CEU	EUR	2
NA12760	3	1	CEU	EUR	2
NA12761	3	3	CEU	EUR	2
NA12762	3	3	CEU	EUR	2
NA12763	3	3	CEU	EUR	2
NA12766	3	1	CEU	EUR	2
NA12767	1	2	CEU	EUR	2
NA12775	3	1	CEU	EUR	2
NA12776	4	3	CEU	EUR	2
NA12777	3	2	CEU	EUR	2
NA12778	1	1	CEU	EUR	2
NA12801	3	3	CEU	EUR	2
NA12802	3	3	CEU	EUR	2
NA12812	3	3	CEU	EUR	2
NA12813	5	3	CEU	EUR	2
NA12814	4	3	CEU	EUR	2
NA12815	3	3	CEU	EUR	2
NA12817	1	3	CEU	EUR	2
NA12818	3	3	CEU	EUR	2
NA12827	3	3	CEU	EUR	2
NA12828	3	1	CEU	EUR	2
NA12829	5	3	CEU	EUR	2
NA12830	4	3	CEU	EUR	2
NA12832	3	4	CEU	EUR	2
NA12842	3	4	CEU	EUR	2
NA12843	2	3	CEU	EUR	2
NA12864	3	3	CEU	EUR	2
NA12865	1	4	CEU	EUR	2
NA12872	2	3	CEU	EUR	2
NA12873	3	3	CEU	EUR	2
NA12874	3	4	CEU	EUR	2
NA12875	4	1	CEU	EUR	2
NA12877	5	4	CEU	EUR	2
NA12878	4	3	CEU	EUR	2
NA12889	4	4	CEU	EUR	2
NA12890	5	5	CEU	EUR	2
NA12891	3	3	CEU	EUR	2
NA12892	4	4	CEU	EUR	2
NA18484	3	1	YRI	AFR	2
NA18485	3	1	YRI	AFR	2
NA18486	1	1	YRI	AFR	2
NA18487	3	1	YRI	AFR	2
NA18488	3	3	YRI	AFR	2
NA18489	1	3	YRI	AFR	2
NA18497	1	1	YRI	AFR	2
NA18498	11	1	YRI	AFR	2
NA18499	2	1	YRI	AFR	2
NA18500	1	1	YRI	AFR	2
NA18501	2	1	YRI	AFR	2
NA18502	1	1	YRI	AFR	2
NA18503	2	1	YRI	AFR	2
NA18504	1	1	YRI	AFR	2
NA18505	4	2	YRI	AFR	2
NA18506	4	1	YRI	AFR	2
NA18507	1	1	YRI	AFR	2
NA18508	3	4	YRI	AFR	2
NA18510					
NA18511					
NA18515	2	1	YRI	AFR	2
NA18516	1	1	YRI	AFR	2
NA18517	1	2	YRI	AFR	2
NA18518	1	3	YRI	AFR	2
NA18519	1	3	YRI	AFR	2
NA18520	2	1	YRI	AFR	2
NA18521	2	2	YRI	AFR	2
NA18522	4	2	YRI	AFR	2
NA18523	9	2	YRI	AFR	2
NA18525					
NA18526					
NA18528					
NA18530					
NA18531					
NA18532					
NA18533					
NA18534					
NA18535					
NA18536					
NA18537					
NA18538					
NA18539					
NA18541					
NA18542					
NA18543					
NA18544					
NA18545					
NA18546					
NA18547					
NA18548					
NA18549					
NA18550					
NA18552					
NA18553					
NA18555					
NA18557					
NA18558					
NA18559					
NA18560					
NA18561					
NA18562					
NA18563					
NA18564					
NA18565					
NA18566					
NA18567					
NA18570					
NA18571					
NA18572					
NA18573					
NA18574					
NA18577					
NA18579					
NA18582					
NA18591					
NA18592					
NA18593					
NA18595					
NA18596					
NA18597					
NA18599					
NA18602					
NA18603					
NA18605					
NA18606					
NA18608					
NA18609					
NA18610					
NA18611					
NA18612					
NA18613					
NA18614					
NA18615					
NA18616					
NA18617					
NA18618					
NA18619					
NA18620					
NA18621					
NA18622					
NA18623					
NA18624					
NA18625					
NA18626					
NA18627					
NA18628					
NA18629					
NA18630					
NA18631					
NA18632					
NA18633					
NA18634					
NA18635					
NA18636					
NA18637					
NA18638					
NA18639					
NA18640					
NA18641					
NA18642					
NA18643					
NA18644					
NA18645					
NA18646					
NA18647					
NA18648					
NA18740					
NA18745					
NA18747					
NA18748					
NA18749					
NA18757					
NA18852	1	1	YRI	AFR	2
NA18853	3	1	YRI	AFR	2
NA18854	1	1	YRI	AFR	2
NA18855	10	2	YRI	AFR	2
NA18856	3	3	YRI	AFR	2
NA18857	2	3	YRI	AFR	2
NA18858	1	1	YRI	AFR	2
NA18859	3	8	YRI	AFR	2
NA18860	1	8	YRI	AFR	2
NA18861	8	2	YRI	AFR	2
NA18862	1	3	YRI	AFR	2
NA18863	2	3	YRI	AFR	2
NA18864					
NA18865					
NA18867	2	1	YRI	AFR	2
NA18868	9	1	YRI	AFR	2
NA18869	1	1	YRI	AFR	2
NA18870	1	7	YRI	AFR	2
NA18871	1	3	YRI	AFR	2
NA18872	7	3	YRI	AFR	2
NA18873	3	1	YRI	AFR	2
NA18874	2	3	YRI	AFR	2
NA18875	1	3	YRI	AFR	2
NA18876	3	1	YRI	AFR	2
NA18877	2	3	YRI	AFR	2
NA18878					
NA18879					
NA18881					
NA18906	1	3	YRI	AFR	2
NA18907					
NA18908					
NA18909	1	2	YRI	AFR	2
NA18910	1	1	YRI	AFR	2
NA18911	2	1	YRI	AFR	2
NA18912	1	1	YRI	AFR	2
NA18913	8	7	YRI	AFR	2
NA18914	1	7	YRI	AFR	2
NA18915					
NA18916	4	6	YRI	AFR	2
NA18917	3	13	YRI	AFR	2
NA18923	1	1	YRI	AFR	2
NA18924	1	2	YRI	AFR	2
NA18925	2	1	YRI	AFR	2
NA18930	6	13	YRI	AFR	2
NA18933	2	6	YRI	AFR	2
NA18934	3	1	YRI	AFR	2
NA18935	6	1	YRI	AFR	2
NA18939					
NA18940					
NA18941					
NA18942					
NA18943					
NA18944					
NA18945					
NA18946					
NA18947					
NA18948					
NA18949					
NA18950					
NA18951					
NA18952					
NA18953					
NA18954					
NA18956					
NA18957					
NA18959					
NA18960					
NA18961					
NA18962					
NA18963					
NA18964					
NA18965					
NA18966					
NA18967					
NA18968					
NA18969					
NA18970					
NA18971					
NA18972					
NA18973					
NA18974					
NA18975					
NA18976					
NA18977					
NA18978					
NA18979					
NA18980					
NA18981					
NA18982					
NA18983					
NA18984					
NA18985					
NA18986					
NA18987					
NA18988					
NA18989					
NA18990					
NA18991					
NA18992					
NA18993					
NA18994					
NA18995					
NA18997					
NA18998					
NA18999					
NA19000					
NA19001					
NA19002					
NA19003					
NA19004					
NA19005					
NA19006					
NA19007					
NA19009					
NA19010					
NA19011					
NA19012					
NA19017					
NA19019					
NA19020					
NA19023					
NA19024					
NA19025					
NA19026					
NA19027					
NA19028					
NA19030					
NA19031					
NA19035					
NA19036					
NA19037					
NA19038					
NA19041					
NA19042					
NA19043					
NA19054					
NA19055					
NA19056					
NA19057					
NA19058					
NA19059					
NA19060					
NA19062					
NA19063					
NA19064					
NA19065					
NA19066					
NA19067					
NA19068					
NA19070					
NA19072					
NA19074					
NA19075					
NA19076					
NA19077					
NA19078					
NA19079					
NA19080					
NA19081					
NA19082					
NA19083					
NA19084					
NA19085					
NA19086					
NA19087					
NA19088					
NA19089					
NA19090					
NA19091					
NA19092	3	7	YRI	AFR	2
NA19093	4	1	YRI	AFR	2
NA19094	1	7	YRI	AFR	2
NA19095	1	2	YRI	AFR	2
NA19096	2	4	YRI	AFR	2
NA19097	2	4	YRI	AFR	2
NA19098	4	1	YRI	AFR	2
NA19099	2	1	YRI	AFR	2
NA19100	1	1	YRI	AFR	2
NA19101	3	3	YRI	AFR	2
NA19102	1	1	YRI	AFR	2
NA19103	1	3	YRI	AFR	2
NA19107	3	2	YRI	AFR	2
NA19108	2	1	YRI	AFR	2
NA19109	1	2	YRI	AFR	2
NA19113	3	1	YRI	AFR	2
NA19114	2	1	YRI	AFR	2
NA19115	1	1	YRI	AFR	2
NA19116	1	1	YRI	AFR	2
NA19117	3	12	YRI	AFR	2
NA19118	1	2	YRI	AFR	2
NA19119	1	3	YRI	AFR	2
NA19120	1	3	YRI	AFR	2
NA19121	4	1	YRI	AFR	2
NA19122	1	3	YRI	AFR	2
NA19123	3	1	YRI	AFR	2
NA19127	7	3	YRI	AFR	2
NA19128	1	3	YRI	AFR	2
NA19129	3	3	YRI	AFR	2
NA19130	3	4	YRI	AFR	2
NA19131	2	1	YRI	AFR	2
NA19132	1	4	YRI	AFR	2
NA19137	2	3	YRI	AFR	2
NA19138	1	1	YRI	AFR	2
NA19139	3	1	YRI	AFR	2
NA19140	1	6	YRI	AFR	2
NA19141	3	1	YRI	AFR	2
NA19142	6	1	YRI	AFR	2
NA19143	1	1	YRI	AFR	2
NA19144	3	1	YRI	AFR	2
NA19145	1	1	YRI	AFR	2
NA19146	3	1	YRI	AFR	2
NA19147	1	2	YRI	AFR	2
NA19148	2	1	YRI	AFR	2
NA19149	3	1	YRI	AFR	2
NA19150	2	2	YRI	AFR	2
NA19151	1	2	YRI	AFR	2
NA19152	1	3	YRI	AFR	2
NA19153	4	2	YRI	AFR	2
NA19154	3	2	YRI	AFR	2
NA19159	2	10	YRI	AFR	2
NA19160	10	1	YRI	AFR	2
NA19161	10	1	YRI	AFR	2
NA19171	1	1	YRI	AFR	2
NA19172	1	1	YRI	AFR	2
NA19173	1	1	YRI	AFR	2
NA19174	2	12	YRI	AFR	2
NA19175	3	3	YRI	AFR	2
NA19176	2	1	YRI	AFR	2
NA19177	1	3	YRI	AFR	2
NA19184	3	3	YRI	AFR	2
NA19185	2	1	YRI	AFR	2
NA19186	1	3	YRI	AFR	2
NA19189	9	2	YRI	AFR	2
NA19190	1	2	YRI	AFR	2
NA19191	2	2	YRI	AFR	2
NA19197	1	2	YRI	AFR	2
NA19198	2	1	YRI	AFR	2
NA19199	2	1	YRI	AFR	2
NA19200	1	4	YRI	AFR	2
NA19201	1	1	YRI	AFR	2
NA19202	1	4	YRI	AFR	2
NA19203	6	1	YRI	AFR	2
NA19204	1	1	YRI	AFR	2
NA19205	1	1	YRI	AFR	2
NA19206	3	1	YRI	AFR	2
NA19207	1	1	YRI	AFR	2
NA19208	1	1	YRI	AFR	2
NA19209	1	1	YRI	AFR	2
NA19210	1	2	YRI	AFR	2
NA19211	1	2	YRI	AFR	2
NA19213	3	3	YRI	AFR	2
NA19214	9	2	YRI	AFR	2
NA19215	2	3	YRI	AFR	2
NA19221	2	1	YRI	AFR	2
NA19222	2	2	YRI	AFR	2
NA19223	7	1	YRI	AFR	2
NA19224	1	2	YRI	AFR	2
NA19225	1	1	YRI	AFR	2
NA19226	1	2	YRI	AFR	2
NA19235	4	8	YRI	AFR	2
NA19236	2	1	YRI	AFR	2
NA19237	8	1	YRI	AFR	2
NA19238	7	3	YRI	AFR	2
NA19239	1	1	YRI	AFR	2
NA19240	3	1	YRI	AFR	2
NA19247	2	10	YRI	AFR	2
NA19248	1	7	YRI	AFR	2
NA19249	10	7	YRI	AFR	2
NA19256	1	3	YRI	AFR	2
NA19257	3	3	YRI	AFR	2
NA19258	3	3	YRI	AFR	2
NA19307					
NA19308					
NA19309					
NA19310					
NA19312					
NA19314					
NA19315					
NA19316					
NA19317					
NA19318					
NA19319					
NA19320					
NA19321					
NA19323					
NA19324					
NA19327					
NA19328					
NA19331					
NA19332					
NA19334					
NA19338					
NA19346					
NA19347					
NA19350					
NA19351					
NA19355					
NA19360					
NA19372					
NA19374					
NA19375					
NA19376					
NA19377					
NA19378					
NA19379					
NA19380					
NA19383					
NA19384					
NA19385					
NA19390					
NA19391					
NA19393					
NA19394					
NA19395					
NA19397					
NA19399					
NA19401					
NA19403					
NA19404					
NA19428					
NA19429					
NA19430					
NA19431					
NA19434					
NA19435					
NA19436					
NA19437					
NA19438					
NA19439					
NA19440					
NA19443					
NA19445					
NA19446					
NA19448					
NA19449					
NA19451					
NA19452					
NA19454					
NA19455					
NA19456					
NA19457					
NA19461					
NA19462					
NA19463					
NA19466					
NA19467					
NA19468					
NA19471					
NA19472					
NA19473					
NA19474					
NA19475					
NA19625					
NA19648	3	3	MXL	AMR	2
NA19649	3	3	MXL	AMR	2
NA19650	3	3	MXL	AMR	2
NA19651	3	3	MXL	AMR	2
NA19652	4	5	MXL	AMR	2
NA19653	3	5	MXL	AMR	2
NA19654	2	1	MXL	AMR	2
NA19655	3	3	MXL	AMR	2
NA19656	1	3	MXL	AMR	2
NA19657	3	3	MXL	AMR	2
NA19658	5	3	MXL	AMR	2
NA19659	3	3	MXL	AMR	2
NA19660	3	3	MXL	AMR	2
NA19661	3	3	MXL	AMR	2
NA19662	3	3	MXL	AMR	2
NA19663	3	3	MXL	AMR	2
NA19664	3	3	MXL	AMR	2
NA19665	3	3	MXL	AMR	2
NA19669	3	3	MXL	AMR	2
NA19670	2	2	MXL	AMR	2
NA19671	3	2	MXL	AMR	2
NA19675	2	3	MXL	AMR	2
NA19676	3	4	MXL	AMR	2
NA19677	2	4	MXL	AMR	2
NA19678	3	2	MXL	AMR	2
NA19679	3	3	MXL	AMR	2
NA19680	3	3	MXL	AMR	2
NA19681	3	2	MXL	AMR	2
NA19682	4	3	MXL	AMR	2
NA19683	2	3	MXL	AMR	2
NA19684	3	2	MXL	AMR	2
NA19685	3	3	MXL	AMR	2
NA19686	2	3	MXL	AMR	2
NA19700	1	1	ASW	AFR	2
NA19701	9	4	ASW	AFR	2
NA19702	4	1	ASW	AFR	2
NA19703	1	1	ASW	AFR	2
NA19704	3	12	ASW	AFR	2
NA19705	12	1	ASW	AFR	2
NA19707					
NA19711					
NA19712					
NA19713	1	1	ASW	AFR	2
NA19716	3	3	MXL	AMR	2
NA19717	2	3	MXL	AMR	2
NA19718	3	3	MXL	AMR	2
NA19719	3	3	MXL	AMR	2
NA19720	4	3	MXL	AMR	2
NA19721	3	3	MXL	AMR	2
NA19722	3	3	MXL	AMR	2
NA19723	3	3	MXL	AMR	2
NA19724	3	3	MXL	AMR	2
NA19725	3	3	MXL	AMR	2
NA19726	3	3	MXL	AMR	2
NA19727	3	3	MXL	AMR	2
NA19728	3	3	MXL	AMR	2
NA19729	1	3	MXL	AMR	2
NA19730	3	3	MXL	AMR	2
NA19731	2	3	MXL	AMR	2
NA19732	3	2	MXL	AMR	2
NA19733	3	2	MXL	AMR	2
NA19734					
NA19735					
NA19740					
NA19741					
NA19746	3	3	MXL	AMR	2
NA19747	3	3	MXL	AMR	2
NA19748	3	3	MXL	AMR	2
NA19749	3	3	MXL	AMR	2
NA19750	3	3	MXL	AMR	2
NA19751	3	3	MXL	AMR	2
NA19752					
NA19755	2	2	MXL	AMR	2
NA19756	3	4	MXL	AMR	2
NA19757	2	4	MXL	AMR	2
NA19758	3	3	MXL	AMR	2
NA19759	3	3	MXL	AMR	2
NA19760	3	3	MXL	AMR	2
NA19761	3	3	MXL	AMR	2
NA19762	3	1	MXL	AMR	2
NA19763	3	1	MXL	AMR	2
NA19764					
NA19770	3	3	MXL	AMR	2
NA19771	3	3	MXL	AMR	2
NA19772	3	3	MXL	AMR	2
NA19773	2	1	MXL	AMR	2
NA19774	4	4	MXL	AMR	2
NA19775	1	4	MXL	AMR	2
NA19776	2	4	MXL	AMR	2
NA19777	3	7	MXL	AMR	2
NA19778	4	7	MXL	AMR	2
NA19779	3	3	MXL	AMR	2
NA19780	3	3	MXL	AMR	2
NA19781	3	3	MXL	AMR	2
NA19782	3	10	MXL	AMR	2
NA19783	3	3	MXL	AMR	2
NA19784	10	3	MXL	AMR	2
NA19785	5	3	MXL	AMR	2
NA19786	3	3	MXL	AMR	2
NA19787	3	3	MXL	AMR	2
NA19788	3	3	MXL	AMR	2
NA19789	3	2	MXL	AMR	2
NA19790	3	2	MXL	AMR	2
NA19792					
NA19794	1	1	MXL	AMR	2
NA19795	2	2	MXL	AMR	2
NA19796	1	2	MXL	AMR	2
NA19818	3	2	ASW	AFR	2
NA19819	2	1	ASW	AFR	2
NA19828	1	2	ASW	AFR	2
NA19834	1	11	ASW	AFR	2
NA19835	4	2	ASW	AFR	2
NA19836	2	11	ASW	AFR	2
NA19900	1	7	ASW	AFR	2
NA19901	3	3	ASW	AFR	2
NA19902	3	7	ASW	AFR	2
NA19904					
NA19908	3	3	ASW	AFR	2
NA19909	3	1	ASW	AFR	2
NA19913					
NA19914					
NA19916	3	4	ASW	AFR	2
NA19917	4	12	ASW	AFR	2
NA19918	12	4	ASW	AFR	2
NA19919	1	3	ASW	AFR	2
NA19920	2	3	ASW	AFR	2
NA19921	1	5	ASW	AFR	2
NA19922	4	3	ASW	AFR	2
NA19923	1	2	ASW	AFR	2
NA19924	2	3	ASW	AFR	2
NA19982	1	1	ASW	AFR	2
NA19983	1	1	ASW	AFR	2
NA19984					
NA20126	4	1	ASW	AFR	2
NA20127	1	1	ASW	AFR	2
NA20128	1	1	ASW	AFR	2
NA20129	5	3	ASW	AFR	2
NA20274					
NA20276					
NA20278	3	6	ASW	AFR	2
NA20279	1	6	ASW	AFR	2
NA20281					
NA20282	1	1	ASW	AFR	2
NA20287					
NA20289					
NA20291					
NA20294					
NA20296					
NA20298					
NA20299					
NA20314					
NA20317					
NA20318					
NA20320					
NA20321					
NA20332					
NA20334					
NA20339					
NA20340					
NA20342					
NA20346					
NA20348					
NA20351					
NA20355					
NA20356	1	11	ASW	AFR	2
NA20357	2	1	ASW	AFR	2
NA20358	1	11	ASW	AFR	2
NA20359					
NA20362					
NA20412					
NA20502					
NA20503					
NA20504					
NA20505					
NA20506					
NA20507					
NA20508					
NA20509					
NA20510					
NA20511					
NA20512					
NA20513					
NA20514					
NA20515					
NA20516					
NA20517					
NA20518					
NA20519					
NA20520					
NA20521					
NA20522					
NA20524					
NA20525					
NA20527					
NA20528					
NA20529					
NA20530					
NA20531					
NA20532					
NA20533					
NA20534					
NA20535					
NA20536					
NA20538					
NA20539					
NA20540					
NA20541					
NA20542					
NA20543					
NA20544					
NA20581					
NA20582					
NA20585					
NA20586					
NA20587					
NA20588					
NA20589					
NA20752					
NA20753					
NA20754					
NA20755					
NA20756					
NA20757					
NA20758					
NA20759					
NA20760					
NA20761					
NA20762					
NA20763					
NA20764					
NA20765					
NA20766					
NA20767					
NA20768					
NA20769					
NA20770					
NA20771					
NA20772					
NA20773					
NA20774					
NA20775					
NA20778					
NA20783					
NA20785					
NA20786					
NA20787					
NA20790					
NA20792					
NA20795					
NA20796					
NA20797					
NA20798					
NA20799					
NA20800					
NA20801					
NA20802					
NA20803					
NA20804					
NA20805					
NA20806					
NA20807					
NA20808					
NA20809					
NA20810					
NA20811					
NA20812					
NA20813					
NA20814					
NA20815					
NA20818					
NA20819					
NA20821					
NA20822					
NA20826					
NA20827					
NA20828					
NA20832					
NA20845					
NA20846					
NA20847					
NA20849					
NA20850					
NA20851					
NA20852					
NA20853					
NA20854					
NA20856					
NA20858					
NA20859					
NA20861					
NA20862					
NA20863					
NA20864					
NA20866					
NA20867					
NA20868					
NA20869					
NA20870					
NA20872					
NA20874					
NA20875					
NA20876					
NA20877					
NA20878					
NA20881					
NA20882					
NA20884					
NA20885					
NA20886					
NA20887					
NA20888					
NA20889					
NA20890					
NA20891					
NA20892					
NA20894					
NA20895					
NA20896					
NA20897					
NA20899					
NA20900					
NA20901					
NA20902					
NA20903					
NA20904					
NA20905					
NA20906					
NA20908					
NA20910					
NA20911					
NA21086					
NA21087					
NA21088					
NA21089					
NA21090					
NA21091					
NA21092					
NA21093					
NA21094					
NA21095					
NA21097					
NA21098					
NA21099					
NA21100					
NA21101					
NA21102					
NA21103					
NA21104					
NA21105					
NA21106					
NA21107					
NA21108					
NA21109					
NA21110					
NA21111					
NA21112					
NA21113					
NA21114					
NA21115					
NA21116					
NA21117					
NA21118					
NA21119					
NA21120					
NA21122					
NA21123					
NA21124					
NA21125					
NA21126					
NA21127					
NA21128					
NA21129					
NA21130					
NA21133					
NA21135					
NA21137					
NA21141					
NA21142					
NA21143					
NA21144					
