id	mat_cenhap	pat_cenhap
HG03925	2	2
HG04132	2	2
HG02449	2	2
HG03238	2	2
HG02659	2	2
HG02649	2	2
HG03239	2	2
HG00593	2	2
NA11919	2	2
HG02623	2	2
HG01354	2	2
HG03490	2	2
NA19200	2	2
HG02220	2	2
HG01697	2	2
HG03798	2	2
HG01097	2	2
HG03908	2	2
HG00513	2	2
HG01133	2	2
HG03914	2	2
HG01505	2	2
HG02666	2	2
NA19733	2	2
NA19123	2	2
NA19202	2	2
HG02224	2	2
HG00596	2	2
NA18871	2	2
NA19662	2	2
HG02735	2	2
NA11894	2	2
HG00443	2	2
HG01061	2	2
NA19836	2	2
HG02128	2	2
HG01506	2	2
HG03046	2	2
HG03710	2	2
HG00581	2	2
NA10840	2	3
HG01953	2	2
HG00613	2	2
NA12155	2	2
HG02662	2	2
HG03196	2	2
HG01980	2	2
HG01955	2	2
HG01939	2	2
HG01770	2	3
HG01984	2	2
NA06993	2	2
HG00418	2	2
NA19660	2	2
NA07000	2	2
HG01184	2	2
HG00478	2	2
HG02135	2	2
HG02003	2	2
HG04215	2	2
NA12156	2	2
HG01954	2	2
HG01919	2	2
NA12815	2	2
HG01509	2	2
NA12145	3	2
NA19780	2	2
NA10864	2	2
HG01170	2	2
NA11832	2	2
HG04159	2	2
HG01365	2	2
NA10831	2	2
HG01967	2	2
NA19786	2	2
HG01189	2	2
NA12006	2	2
HG01979	2	2
NA19207	2	2
HG03802	2	2
HG01981	2	2
HG01188	2	2
HG01191	2	2
NA06997	2	2
HG02948	2	2
NA12329	2	2
HG01073	2	2
HG02733	2	2
HG01898	2	2
HG03651	2	2
HG01883	2	2
HG02279	2	2
HG03727	2	2
HG01101	3	2
HG03640	2	2
HG03722	2	2
HG02074	2	2
HG01367	2	2
HG01099	2	2
NA12818	2	2
HG00650	2	2
NA11882	2	2
HG02612	2	2
HG03100	2	2
HG02233	2	2
HG04133	2	2
HG01095	2	3
HG02923	2	2
HG02774	2	2
NA19920	2	2
HG02278	2	2
NA19214	2	2
HG00740	2	2
HG04217	2	2
NA18520	2	2
HG01252	2	2
HG00733	2	2
HG03314	2	2
HG04155	2	2
HG01084	2	2
NA12003	2	2
HG01615	2	2
HG03642	2	2
NA19221	2	2
HG02855	2	2
HG03197	2	2
NA11830	2	2
HG02786	2	2
HG00405	2	2
HG01579	2	2
HG03885	2	2
NA10855	2	2
HG02684	2	2
NA19151	2	2
NA19730	2	2
HG01070	2	2
HG01047	2	2
HG03706	2	2
HG01537	2	2
HG03667	2	2
HG03049	2	2
HG02821	2	2
NA12273	2	2
HG00404	2	2
HG01625	2	2
NA19237	2	2
HG00741	2	2
HG02463	2	2
NA19703	2	2
NA19222	2	2
NA19671	2	2
NA19720	2	2
HG01498	2	2
HG01612	2	2
NA11831	2	2
HG00578	2	2
HG01890	2	2
HG01351	2	2
HG04227	2	2
HG00635	2	2
HG03237	2	2
HG01385	2	2
NA07029	2	2
HG02563	2	2
HG01082	2	2
NA10839	2	3
NA19834	2	2
HG02280	2	2
HG01676	2	2
NA19107	2	2
HG02143	2	2
NA18502	2	2
HG02762	2	2
HG03807	2	2
NA06991	2	2
HG00625	2	2
HG04140	2	2
HG02126	2	2
HG02072	2	2
NA12752	2	2
NA10859	2	2
HG02853	2	2
HG02793	2	2
HG03814	2	2
HG03050	2	2
HG02788	2	2
HG02145	2	2
HG01492	2	2
HG04131	2	2
HG03992	2	2
NA12892	2	2
HG03688	2	2
HG02056	2	2
HG00421	2	3
HG02794	2	2
HG02642	2	2
NA19225	2	2
HG00446	2	2
HG04136	2	2
HG02964	2	2
HG02568	2	2
NA19120	2	2
NA12762	2	2
HG00621	2	2
HG02819	2	2
HG03683	2	2
NA19095	2	2
NA18487	2	2
HG02971	2	2
NA18504	2	2
HG03159	2	2
HG01502	2	2
HG01150	2	2
NA19916	2	2
HG03829	2	2
HG02603	2	2
HG02625	2	2
HG02800	2	2
HG02734	2	2
HG02737	2	2
NA19150	2	2
HG03236	2	2
HG00671	2	2
NA18914	2	2
HG02604	2	2
HG03831	2	2
NA18500	2	2
HG01377	2	2
NA19108	2	2
NA12775	2	2
NA19208	2	2
HG02222	2	2
HG03007	2	2
HG02799	2	2
HG02700	2	2
NA19147	2	2
HG02465	2	2
HG03452	2	2
NA19109	2	2
HG01071	2	2
NA18498	2	2
HG02978	2	2
NA19145	2	2
NA19161	2	2
HG03909	2	2
HG03894	3	2
NA18912	2	2
HG03816	2	2
HG03682	2	2
NA19818	2	2
HG01775	2	2
HG04099	2	2
HG03026	2	2
HG03260	2	2
HG02258	2	2
HG02647	2	2
HG03942	2	2
HG03669	2	2
HG02973	2	2
NA18501	2	2
NA19238	2	2
HG04115	2	3
NA18874	2	2
HG01389	2	2
HG02015	2	2
HG01888	2	2
NA19728	2	2
HG01934	2	2
HG03121	2	2
NA19119	2	2
HG03896	2	3
HG02513	2	2
HG01391	2	2
HG02691	2	2
HG01197	2	3
HG02611	2	2
NA19143	2	2
NA19819	2	2
HG03927	2	3
NA20127	2	2
HG02605	2	2
HG01668	2	3
HG01366	2	2
HG02256	2	2
NA19206	2	2
NA19901	2	2
HG03806	2	2
HG02650	2	3
HG03907	2	2
HG01504	2	2
HG02321	2	2
NA20357	2	2
HG02840	2	2
HG01923	3	2
HG01925	3	2
NA19103	2	2
HG02657	3	2
HG01982	3	2
HG01684	2	2
NA19828	2	2
NA18516	2	2
NA19729	2	2
NA07435	2	3
HG01103	2	2
NA12046	2	2
NA18913	2	2
HG02972	2	2
HG03342	2	2
HG03904	2	2
HG03704	2	3
HG01049	2	2
HG03607	2	2
NA19731	4	2
HG01205	2	2
HG01983	3	2
HG01774	3	2
HG03606	2	2
HG03484	2	2
NA19835	3	2
HG02946	2	2
HG01747	2	3
NA11920	3	3
NA18485	2	2
HG02689	2	3
HG01675	2	3
NA10842	13	2
NA12763	2	3
HG01538	2	3
NA19722	2	3
HG02091	2	4
NA18868	2	2
NA18489	2	2
HG03249	2	2
HG03703	3	2
HG02271	3	2
NA10843	3	2
HG01614	2	2
HG02257	2	2
NA12812	3	2
HG01495	3	2
HG01260	3	2
NA19746	3	2
NA12802	2	2
HG01776	3	2
HG02061	2	2
HG02574	2	2
NA06985	13	2
HG02661	3	2
HG00597	2	2
NA19172	2	2
HG03109	2	2
HG03625	2	3
HG03641	2	3
NA12817	3	2
NA06986	2	2
NA19748	2	3
HG03699	3	2
HG01893	3	2
NA19235	2	2
HG01437	2	3
NA12043	2	2
HG01627	4	2
HG00663	2	2
NA19718	2	2
HG01531	3	2
HG01630	2	3
HG01508	3	2
HG04174	2	2
HG01778	2	4
HG01951	2	2
HG02104	3	2
HG00683	2	2
HG02490	2	2
HG03804	2	2
HG02622	2	9
NA12890	2	3
HG03635	3	2
HG02668	11	2
HG01167	3	2
HG01698	2	3
HG03633	3	2
NA10852	2	3
HG02621	2	2
HG02702	2	2
HG02089	2	2
HG01125	3	2
NA19751	3	2
HG01359	2	2
HG01882	2	2
NA19732	2	2
NA12829	4	2
NA19900	2	2
HG02451	3	2
NA19093	2	2
HG02888	2	2
NA19149	2	2
NA12801	3	2
HG02645	3	2
HG03797	2	2
NA12753	3	2
HG00420	3	2
HG02944	2	2
NA19683	3	2
HG03374	2	2
HG02236	2	3
HG00594	2	2
HG02681	3	2
HG02683	3	2
HG02076	2	2
NA20278	2	2
HG01926	3	2
HG03709	3	2
HG01922	3	2
HG04204	2	3
NA20279	2	2
HG01523	2	2
NA19184	2	2
HG02273	2	2
HG04175	2	3
HG01276	2	3
HG02106	3	2
NA19121	3	2
HG03679	2	3
HG01672	13	2
NA19796	3	2
HG03796	3	2
NA12749	3	3
HG01891	2	2
HG03251	9	2
NA12056	4	2
HG02783	2	3
HG01177	2	3
HG02059	1	2
HG00533	2	2
HG01081	2	2
NA12814	2	2
HG00664	2	3
HG01532	2	3
HG00514	2	3
HG02526	3	2
NA07055	4	2
HG02071	2	3
HG02688	3	2
HG04100	2	3
NA18930	2	6
HG01917	2	2
HG01496	2	2
HG02696	2	3
NA20282	2	2
HG01374	2	3
HG01383	3	2
NA18508	2	2
HG01895	3	2
HG01126	2	3
HG01671	3	2
HG00706	2	2
HG02286	3	2
HG01360	2	3
NA19684	2	13
HG04182	2	3
HG01928	3	2
HG01048	2	4
HG01079	3	2
NA19773	2	3
HG01702	2	3
HG01074	2	4
NA12761	3	2
HG02082	2	2
HG03708	3	2
HG03162	2	3
HG02137	2	2
HG01503	3	2
NA11893	3	2
HG03616	2	3
HG02136	3	2
HG04036	2	3
HG00544	2	2
HG01183	2	2
HG02870	2	2
NA18872	3	2
NA19676	2	2
NA19197	10	2
HG00657	2	2
HG00638	2	4
NA18873	2	2
NA19092	2	2
NA12005	4	3
HG01601	4	2
HG00429	3	2
NA07048	2	3
HG02450	2	3
HG01192	2	7
HG03653	3	2
HG03344	2	7
HG01062	2	4
NA19982	2	2
NA12376	3	2
HG00689	2	2
HG04200	3	2
HG01709	2	2
HG01920	2	2
HG01762	2	13
HG02658	3	2
NA19795	3	2
HG01992	2	2
NA07022	2	3
HG03634	2	3
HG01632	2	3
HG02462	2	2
NA12739	3	3
HG04185	2	3
HG03235	3	2
HG00732	4	2
HG02075	3	2
HG02644	2	2
HG02764	2	2
HG03016	2	3
HG03915	3	2
HG01493	2	3
HG02492	3	2
HG03099	2	6
HG02775	2	3
HG03943	3	2
NA19716	3	2
NA12341	2	13
HG01243	3	2
HG01781	2	3
HG01456	2	3
HG04187	2	3
NA19661	13	2
NA12286	3	3
HG03492	1	2
HG04193	3	2
HG01940	2	3
NA19215	2	2
NA18917	2	6
NA12830	13	2
NA07357	3	3
HG03350	2	9
HG03111	2	2
HG03161	2	2
HG01355	2	13
NA19649	2	13
HG02234	3	2
HG00428	2	3
HG01603	3	2
HG00702	2	2
HG00451	2	2
HG02491	2	3
HG00556	2	2
HG01679	2	4
HG01956	2	6
HG01173	2	2
HG01250	3	2
NA06989	3	2
HG04135	2	2
HG00427	3	2
HG00704	3	2
HG01936	2	3
HG03300	2	2
HG03307	6	2
HG01135	3	2
HG02307	3	2
NA19670	3	2
HG01617	2	3
NA12347	2	3
HG01924	2	3
HG01507	2	3
HG03654	2	1
HG00473	2	3
HG03650	1	2
NA18517	2	2
HG01361	3	2
NA12827	13	2
HG01438	2	3
HG03248	2	2
HG03343	2	7
NA12343	3	2
NA12546	3	2
NA12875	2	3
HG00423	2	3
NA12340	2	4
HG03295	2	10
HG01772	3	3
NA19787	3	2
NA19719	2	13
HG03299	2	9
HG02121	2	3
HG01353	2	13
HG03702	2	3
HG01251	3	2
HG01187	3	2
NA07045	3	2
HG01182	3	2
HG01253	2	2
HG03352	2	9
NA19723	2	2
NA12813	2	3
HG00685	2	2
HG01247	2	4
NA19685	2	13
HG02570	6	2
HG01677	2	3
HG01096	3	3
HG01708	3	2
HG03514	2	2
HG03370	3	2
NA18876	6	2
HG03308	2	2
HG03488	2	3
HG01578	3	2
HG01379	3	2
HG00582	2	1
HG02571	2	6
HG01455	2	2
HG03725	2	3
HG00558	2	2
HG01958	2	2
HG00595	2	2
HG01969	3	2
NA10851	13	2
HG01256	2	3
NA12843	2	13
NA19902	2	2
HG01761	4	2
HG00583	2	2
NA06984	3	2
NA18877	2	7
HG03815	2	2
HG01169	3	2
NA11993	2	3
HG00542	3	2
HG01275	2	2
HG02302	2	13
NA19788	3	2
HG03732	3	2
HG02572	6	2
NA11917	3	2
HG01094	2	3
HG00735	3	2
HG01352	2	3
HG00419	2	3
HG04160	2	2
HG01678	2	3
HG04134	1	2
HG02699	2	1
NA19204	2	2
NA19682	2	2
HG03517	2	6
HG01941	2	3
HG03312	6	2
HG01457	3	2
NA19758	2	3
HG03649	3	2
HG01343	3	2
HG01914	3	2
HG04150	3	2
NA11992	2	4
HG00652	2	2
NA18859	2	2
HG01501	3	2
NA19223	7	2
HG01633	3	2
HG02105	2	3
NA12760	3	2
HG02816	2	7
HG03707	2	3
NA19781	3	2
HG02144	6	2
NA07034	2	3
HG01511	9	2
HG02029	2	2
NA19122	9	2
NA19141	2	7
HG03271	7	2
NA18933	2	2
HG01707	2	13
HG03309	2	3
NA19189	2	2
HG02798	3	2
HG02147	2	3
HG03926	2	3
HG01491	2	3
HG03119	2	6
NA12154	4	2
HG01894	2	3
HG01375	2	3
HG03522	2	10
HG03130	7	2
NA12874	2	3
NA18518	2	2
HG02685	2	3
HG03701	2	2
NA18925	2	3
HG01105	2	13
HG03169	2	2
HG02686	3	2
HG01609	2	3
HG03008	2	2
HG01918	3	2
HG01927	2	3
NA19750	13	2
HG03944	3	2
NA19094	2	2
HG00557	3	2
HG01433	2	3
HG02004	2	3
NA19713	2	3
HG01674	2	3
HG02976	2	2
HG01706	13	2
NA19144	6	2
HG02776	3	2
HG02493	2	3
HG00662	2	3
HG04186	3	2
HG03101	6	2
HG01687	3	2
NA10830	4	2
HG03619	2	2
HG01783	2	3
HG02287	2	2
HG00615	3	2
HG00731	3	2
NA18906	2	7
NA18924	6	2
HG02524	3	2
NA12336	2	3
HG02852	12	2
HG01261	2	2
HG02728	2	1
HG00656	2	2
HG03371	7	2
HG02861	2	8
HG01384	3	2
HG02238	3	2
NA19185	2	2
HG02675	2	6
HG04146	3	2
HG03832	3	2
NA19921	2	13
HG02792	3	2
HG00406	2	2
NA19100	2	2
NA12146	2	3
HG02561	2	2
HG02229	4	2
HG01136	2	3
NA19658	2	3
NA12144	2	13
HG01344	13	2
HG00627	2	2
HG02240	13	2
NA19648	2	3
HG04191	3	2
HG01960	2	7
NA06994	3	2
NA10846	2	13
HG01611	2	4
HG02760	2	10
HG01148	2	2
NA18484	3	2
HG01916	3	2
NA11881	13	2
HG02308	3	2
NA19770	2	2
HG01997	2	2
NA18497	9	2
HG01711	3	2
HG00447	2	2
HG03250	2	9
HG01066	3	2
HG01550	4	2
HG00620	3	2
HG03195	3	2
HG04158	2	2
HG02982	2	3
HG03705	2	3
NA19790	2	3
HG01552	3	2
HG01390	13	2
HG04199	2	3
NA12249	4	2
HG03940	1	2
HG00536	2	3
NA12750	2	2
HG01763	13	2
HG02133	2	3
HG02653	2	3
HG01499	2	2
HG01346	2	2
HG03313	2	2
HG03700	2	2
HG04142	3	2
HG01051	13	2
NA19153	2	3
HG04151	2	3
HG01673	4	2
HG03115	2	2
HG02838	3	2
HG03063	2	3
HG03886	3	2
NA19209	2	9
NA12287	13	2
HG01998	2	2
NA10835	2	3
HG01112	2	13
HG03928	2	3
HG02293	2	3
HG01694	2	13
HG01068	4	2
NA18507	2	3
NA12264	2	13
HG02953	2	3
HG01525	2	3
HG02024	2	3
HG00403	1	2
NA19918	3	2
HG02652	3	2
HG02817	2	2
HG02886	2	2
HG02690	2	3
HG01686	13	2
HG02692	2	3
HG02231	3	2
HG02600	2	1
HG01932	2	2
NA11930	4	2
NA19198	2	8
HG03272	9	2
HG02896	2	2
HG01756	2	3
NA19705	3	2
HG01432	3	2
HG02851	2	2
HG00457	2	3
NA19677	3	2
NA19669	8	2
HG01619	3	2
HG01607	3	2
NA19191	3	2
HG03297	3	2
HG03247	3	2
HG03117	3	2
HG02057	3	2
HG03834	2	3
NA19096	2	8
HG03372	6	2
HG03047	2	3
HG02615	2	2
NA19116	3	2
HG03941	3	2
HG03351	3	2
HG04075	2	1
HG02078	2	3
HG02805	2	3
HG01053	2	2
HG02025	3	2
HG01085	2	3
HG00450	3	2
HG02277	2	2
HG03131	3	2
HG02614	2	2
NA19727	2	3
HG01629	2	3
HG01621	3	2
NA19201	3	2
HG00560	2	3
HG03518	2	3
HG02013	2	6
HG02020	2	3
HG01521	3	2
HG01259	2	2
NA19725	3	2
HG03823	3	2
HG03830	1	2
HG03028	2	9
HG02660	1	2
NA18486	3	2
HG03367	3	2
HG03024	3	2
NA07345	2	13
NA12872	2	13
HG01172	3	2
NA10837	2	3
HG03122	2	9
HG03540	2	2
HG03298	2	9
HG02016	3	2
NA19114	2	3
NA19924	2	9
HG03479	2	3
HG03833	2	3
NA19210	2	3
HG03805	3	2
NA19199	2	8
HG03368	3	2
NA10856	2	4
HG02860	2	3
HG03234	3	2
HG03132	2	3
HG02947	3	2
HG02058	3	2
NA19142	2	7
HG03491	2	1
HG02292	2	2
NA18916	3	2
HG02014	3	2
HG04148	3	2
NA11931	2	13
NA11891	2	3
HG02225	13	2
HG02884	3	2
HG03684	1	2
HG02629	2	6
HG01149	3	2
NA19102	3	2
NA10845	13	2
HG03259	3	2
NA18515	2	2
HG01631	13	2
HG03127	3	2
NA12842	3	2
HG00739	3	2
HG03575	3	2
HG01111	3	2
HG00636	2	2
HG01912	3	2
HG00630	2	2
HG01341	2	2
HG01628	3	2
HG01705	2	3
HG02836	3	2
HG03719	2	3
HG03305	2	2
HG03270	2	9
NA10838	13	2
HG00672	2	3
HG02589	8	2
HG03306	2	2
HG03126	2	8
HG00465	2	3
HG03189	2	3
HG01892	2	2
HG03454	2	8
HG03761	2	3
NA19099	3	2
NA18852	2	6
HG02120	3	2
HG03906	2	2
HG03618	2	3
HG02814	2	3
HG01083	3	2
NA12878	2	13
NA19257	3	2
HG01577	2	2
HG03516	2	3
HG00567	2	3
HG02818	2	7
HG00442	2	3
HG02221	9	2
HG02977	3	2
HG02010	2	3
HG02715	2	8
HG01933	3	2
HG02130	2	3
HG03930	3	2
NA12832	13	2
HG02820	3	2
HG00448	2	2
HG02314	3	2
HG01174	2	3
NA18869	2	2
NA19776	2	3
HG02722	2	2
NA18862	3	2
NA20129	13	2
NA19113	3	2
NA19236	3	2
NA19115	3	2
HG02784	2	3
HG00444	2	3
HG00611	3	2
HG02701	2	1
HG00684	3	2
HG00619	1	2
HG04157	2	2
HG02315	3	2
HG00475	2	3
HG01241	7	2
HG01879	2	2
NA18875	2	2
HG02787	3	2
HG02081	2	3
NA19140	7	2
HG02017	3	2
HG00480	3	2
NA19128	3	2
HG03825	2	3
HG03453	2	5
NA19129	7	2
HG03108	2	2
HG02975	2	2
NA19258	2	3
HG01098	3	2
HG03515	2	3
HG04198	3	2
HG03128	8	2
NA12891	2	13
HG03576	2	6
HG02738	2	3
NA19721	13	2
NA19923	4	2
HG00612	2	3
HG01989	3	2
HG02461	9	2
NA19148	2	3
HG02282	3	2
NA19160	3	2
HG02054	9	2
NA12873	2	3
HG02610	3	2
HG01069	3	2
HG03470	5	2
HG04228	2	4
NA19159	3	2
NA12740	4	2
HG03304	3	2
HG02601	3	2
HG03929	3	2
HG03913	2	3
NA18503	3	2
HG03123	2	3
NA19174	13	2
NA18861	2	3
HG02878	2	3
NA18523	2	7
HG03055	2	3
HG02789	2	3
NA19240	2	3
HG02924	8	2
HG01500	3	2
HG02856	2	3
HG02725	2	3
HG02514	2	1
NA18488	2	3
HG03113	2	2
HG02984	2	3
HG01249	2	3
HG02129	3	2
HG03520	3	2
HG01171	2	3
HG02881	2	3
HG03366	2	3
HG00654	2	3
HG00436	2	3
HG01897	2	6
HG00693	2	3
HG00552	3	2
HG01102	5	2
HG03311	2	9
HG03668	2	2
NA19152	3	2
HG00628	1	2
HG02624	3	2
HG02983	3	2
HG01915	2	3
HG03048	3	2
HG01075	3	2
HG03133	2	5
HG02602	2	1
HG03615	2	3
NA19154	2	3
HG02466	2	6
HG02771	2	3
HG03258	3	2
HG00530	2	3
HG03486	3	2
NA20128	2	3
HG02131	3	2
NA19117	3	2
HG00673	3	2
HG02584	6	2
HG02562	8	2
HG02646	3	2
HG03538	8	2
HG02122	3	2
NA20358	2	6
HG00637	2	3
HG00472	2	2
NA19700	3	13
HG02053	2	8
NA19203	2	3
NA19248	2	2
HG00479	2	3
HG02854	2	3
HG03114	2	2
NA19190	2	3
HG01272	4	2
HG03136	2	2
HG02569	2	8
HG01887	3	2
HG03025	2	2
HG01206	2	2
HG03116	2	2
HG00464	3	2
NA19226	2	3
NA19224	2	3
HG02055	2	8
HG00566	3	2
NA19118	2	13
HG02841	2	8
HG02966	2	6
HG02763	2	2
HG02281	3	2
NA19779	2	3
HG01896	3	2
NA19186	2	2
NA18860	2	2
HG03451	2	5
HG01528	2	3
HG03110	2	2
HG03027	5	2
NA19097	2	8
HG01273	2	3
HG02945	3	2
HG02127	3	2
NA19173	2	3
HG00577	2	3
NA18863	3	2
HG03296	2	10
HG01889	2	2
HG04229	2	4
HG02582	3	2
HG03438	2	3
NA19701	6	2
NA19175	2	2
HG02680	3	2
NA12716	2	3
HG03029	9	2
HG02871	2	7
HG02585	2	2
NA18856	2	3
HG02521	3	2
HG02575	2	3
NA19171	2	3
NA19101	3	2
NA18506	2	3
NA19702	2	13
HG03034	2	7
HG03268	2	2
HG03373	7	2
HG01050	2	4
NA19917	2	3
HG02523	3	2
HG03160	3	2
HG01947	2	3
NA18934	2	3
NA19177	10	2
NA18923	2	3
HG02889	2	3
NA19784	2	3
NA19782	7	2
NA19213	3	2
HG03302	2	3
NA18499	2	9
HG02980	3	2
HG02723	2	3
HG03294	3	2
NA18522	3	2
HG02255	2	2
HG02678	8	2
NA18521	7	2
HG00579	2	3
HG02952	9	2
HG03199	6	2
HG02317	2	3
HG02981	3	2
HG03137	3	2
HG02954	2	3
NA18858	8	2
HG02704	3	2
HG02887	2	3
NA19137	2	3
HG02970	3	2
HG02891	2	3
HG02573	2	3
HG03803	2	2
HG03200	3	2
HG03112	3	2
HG02769	2	2
HG03605	2	2
HG02587	3	2
HG02030	2	2
HG00700	2	2
HG02031	2	2
HG03539	2	2
HG00543	2	2
HG02634	2	2
HG03242	2	2
HG01613	2	2
HG02070	2	2
HG02643	2	2
HG03228	2	2
HG00525	2	2
HG00437	2	2
HG02084	2	2
HG00445	2	2
HG03246	2	2
HG03120	2	9
HG01993	2	2
HG00585	2	2
HG01978	2	2
HG00691	2	2
HG02318	2	3
NA18519	2	2
HG01959	2	2
HG02636	2	2
HG01571	2	2
HG02635	2	2
HG01572	2	2
HG00422	2	2
HG01573	2	2
HG02028	2	2
NA19760	3	2
HG00658	2	2
HG02299	2	2
HG02008	2	2
HG02285	2	2
HG02027	2	2
HG01976	2	2
NA19130	2	3
HG01080	13	2
HG01975	2	2
HG01885	2	3
HG02770	2	8
HG02259	2	2
HG02032	3	2
HG02613	10	2
HG02068	3	2
HG01106	13	2
HG02080	3	2
HG02882	11	2
NA19759	3	2
HG00640	2	3
HG00474	3	2
HG03097	2	3
HG00692	2	1
HG00452	2	3
NA18935	2	3
HG01886	2	3
HG00531	3	2
HG00565	2	3
HG02804	2	11
HG02811	5	2
HG01602	2	4
HG02272	3	2
HG01986	7	2
HG03241	3	2
HG00699	3	2
HG01952	2	3
HG00651	3	2
HG03582	2	2
HG00709	2	3
HG02667	2	11
HG02079	2	3
HG03230	3	2
HG00592	3	2
HG02464	2	6
HG00591	2	3
HG01773	2	3
NA19724	3	2
HG02090	2	4
HG01944	2	4
HG01494	3	2
HG02073	2	3
HG01990	9	2
HG03578	2	2
HG01358	2	3
HG03229	2	3
HG03905	3	2
HG01950	2	3
HG00537	3	2
HG01124	2	3
NA12239	3	2
NA19772	2	3
HG02522	2	3
HG02812	2	9
HG01204	4	2
HG02759	6	2
HG04183	3	2
HG01052	3	2
HG02837	2	3
HG01977	3	2
HG04141	2	3
HG02223	2	13
HG00526	2	3
HG04156	3	2
HG01565	6	2
HG02761	10	2
HG01357	3	2
NA19665	2	4
HG02261	3	2
HG01345	3	2
HG02974	3	2
HG01987	6	2
HG02230	2	4
HG01970	3	2
HG00690	3	2
HG01881	3	2
HG00500	2	3
HG02879	7	13
NA19663	3	2
HG01530	2	3
HG00708	3	2
HG01465	3	2
HG01466	2	3
HG01948	3	2
HG03040	2	4
HG02146	3	2
HG01104	3	2
HG01973	3	2
HG03054	3	2
HG02727	3	3
HG00476	3	2
HG00634	3	2
HG01949	2	3
NA19983	3	2
HG00629	3	2
HG02883	2	3
HG00453	3	2
HG03006	1	2
HG00532	2	3
HG01945	2	3
HG02148	3	2
HG04184	2	3
NA18867	3	2
HG01567	3	2
HG02301	2	3
HG02300	3	2
HG00535	3	2
NA19717	3	2
NA19686	13	13
HG00607	2	3
HG03620	2	3
HG03303	3	2
HG01935	2	3
HG01522	3	2
HG00584	1	2
HG01974	3	2
HG01134	2	3
HG01669	4	2
HG01972	3	2
HG01108	2	6
HG00608	2	3
HG04147	2	3
HG00590	3	2
HG00626	3	2
HG02880	13	3
HG00538	2	3
NA10857	3	2
NA19098	3	2
HG00408	3	2
HG03240	8	2
HG00449	2	3
HG00438	2	3
HG01527	2	4
HG03487	7	2
HG01349	3	2
HG02716	3	2
NA12275	2	4
NA12004	4	13
HG02083	2	3
NA12272	2	3
HG03170	3	2
NA12057	13	13
NA19650	3	13
HG01683	2	3
HG02594	3	2
HG01667	3	2
HG00477	2	3
NA19205	2	3
HG00698	3	2
HG02813	2	3
HG02717	2	8
HG00705	3	2
HG01779	4	13
HG01780	13	3
HG02897	2	3
HG01347	3	2
NA19249	3	2
HG00534	2	3
HG03135	2	3
NA12766	3	2
HG01622	2	4
HG03056	3	2
HG03489	3	2
HG01991	3	2
HG02885	3	2
HG02596	3	2
HG01620	13	3
NA12776	2	3
NA07056	13	4
NA06995	13	3
HG01696	13	13
NA07346	13	3
NA10847	2	3
HG01623	3	2
HG00738	3	13
HG02239	3	13
HG00736	3	13
HG03039	8	2
NA12717	2	3
NA19747	13	3
HG02892	3	2
HG01704	13	4
HG01175	3	2
HG02890	8	2
NA10863	3	13
NA07348	13	3
NA12864	3	13
NA07051	13	3
HG00703	2	3
HG02012	2	6
HG02303	3	13
HG03579	2	3
HG00641	13	4
NA12335	13	4
HG02298	13	3
HG01699	13	3
NA10861	3	13
HG01519	13	3
HG01464	13	3
HG03041	4	2
NA12386	13	4
HG01190	13	7
HG01242	3	3
HG01680	3	13
HG01695	4	13
HG03799	3	3
HG01701	3	13
NA11994	13	13
HG01681	4	13
NA12274	2	3
HG01114	3	13
HG01626	13	4
HG01618	13	3
HG01700	3	13
HG03519	6	3
NA19789	2	3
HG01488	2	3
HG02807	5	3
NA19211	9	3
NA18853	3	3
HG04192	3	3
HG03617	3	3
HG01624	13	4
HG02869	9	7
HG03584	3	2
NA19762	3	4
HG01490	3	3
HG02651	3	3
HG01497	3	2
HG02806	3	11
NA12400	3	13
HG01255	3	2
NA19655	3	9
HG02965	3	6
HG03594	3	3
HG01566	2	3
HG02654	3	3
NA07037	3	13
HG02018	3	3
HG03485	3	3
HG02687	3	3
HG01971	2	3
HG03639	3	3
HG00463	3	3
HG01055	3	3
HG01771	3	3
NA19908	3	3
HG02785	3	3
NA19909	3	3
NA12413	3	3
HG02726	3	3
NA19132	3	3
HG01348	3	3
HG03456	3	8
NA18870	3	3
HG01529	3	4
HG00459	3	3
NA19783	3	3
HG02809	3	3
HG03596	3	3
HG03577	3	3
HG02979	3	3
HG02736	1	3
HG02679	6	3
HG02077	3	3
HG02724	3	3
HG00561	3	3
HG03269	9	2
NA12877	3	3
NA19757	3	3
HG01258	3	3
HG02697	3	3
HG03574	9	6
HG01141	3	3
HG03163	3	3
HG02943	6	3
HG01518	3	3
NA19659	3	3
HG02676	5	7
NA18854	6	3
HG00639	4	3
HG02815	3	3
HG02682	3	3
HG00655	3	3
NA19919	3	3
HG03652	3	1
HG02260	3	3
NA12248	3	3
HG03521	3	10
NA19675	3	3
NA12777	3	3
NA19704	3	3
HG02494	3	3
HG00458	1	3
NA19131	3	3
NA19777	3	13
HG03478	3	3
HG03134	3	5
HG03033	9	8
HG00524	1	3
HG02134	3	3
HG02085	3	3
HG03595	3	3
HG03267	3	9
HG01060	3	4
NA12748	3	3
HG03310	3	9
NA19256	3	3
NA12344	3	3
HG01350	3	3
NA18855	3	3
HG03626	3	3
HG02729	1	3
HG04173	3	3
NA11839	3	3
HG01670	3	3
HG01254	3	3
NA12234	3	3
HG01356	4	3
NA19656	4	9
HG02525	3	3
HG02316	3	3
NA07019	4	3
HG03369	3	7
HG01461	3	3
HG02011	3	3
HG03164	3	3
NA19679	3	3
HG01176	3	3
NA12707	3	3
HG03198	9	3
HG03721	3	3
HG02628	5	3
NA19176	3	10
HG03098	3	9
HG01087	3	3
NA12865	3	3
HG01271	3	3
HG02810	3	9
HG00701	1	3
HG01784	3	4
NA19678	3	3
HG00707	3	3
NA11918	3	13
HG01757	4	3
NA18505	3	3
NA12489	3	3
HG01100	3	4
HG02132	3	3
NA11829	3	4
HG01439	3	3
HG02583	9	6
HG01937	3	3
HG01139	4	3
HG03801	3	3
HG03762	3	3
NA19653	3	3
HG03017	3	3
HG01685	3	3
HG02895	3	3
HG00734	3	3
HG03793	3	3
NA19146	3	3
NA12044	4	3
HG00609	3	3
HG01884	6	3
NA11892	3	4
HG01279	8	8
HG00407	3	3
HG00737	3	3
HG02648	3	3
HG01605	3	4
HG01113	3	3
HG03064	3	3
HG01274	3	3
HG02721	3	3
HG01378	3	3
HG00610	3	3
NA12045	3	3
HG01278	3	8
HG00614	3	3
NA19763	7	4
HG02773	3	3
HG03763	3	3
HG03795	3	1
NA19778	3	13
HG02703	3	3
HG03455	3	3
HG00555	3	3
HG02620	3	9
HG01168	3	3
NA12399	3	4
HG03624	3	3
NA19680	3	3
NA19138	3	8
HG01710	3	3
NA19756	3	3
HG02655	3	3
HG03301	3	3
HG01178	3	3
HG01277	3	8
HG03129	3	3
HG03824	3	3
HG03118	10	6
HG02026	3	3
HG01520	3	3
NA12348	7	3
HG00501	3	1
HG03800	3	3
HG02588	3	3
HG01199	4	3
NA19775	3	3
HG03096	6	9
HG01257	3	3
HG00559	3	3
HG04149	3	3
HG00642	4	3
HG00580	3	1
NA19139	3	8
HG01517	3	3
NA07014	3	3
NA12485	3	3
NA18909	3	3
NA12828	3	3
NA12236	3	4
NA19239	3	3
HG01988	3	7
HG01463	13	3
NA07347	3	3
NA19922	9	9
NA12767	3	3
HG01198	3	4
NA12751	3	4
HG01489	4	3
HG00554	3	3
HG03480	3	3
NA20126	3	3
HG02922	3	8
HG01342	3	3
HG00502	1	3
HG01140	4	3
HG01942	3	3
NA19127	3	7
HG01606	3	3
NA12342	3	3
HG03124	3	6
HG02768	11	8
HG01056	3	3
HG03191	3	3
NA19785	3	3
HG00551	3	3
HG02002	3	3
NA12414	3	3
NA19652	3	3
HG01608	3	3
HG03794	3	1
NA19749	3	3
NA19726	3	3
HG01086	3	3
HG03035	7	8
HG02656	3	3
HG01431	3	3
NA12889	4	3
HG01512	3	3
HG01604	4	3
HG01515	3	3
HG02791	3	3
HG01616	3	3
HG01943	3	3
HG02808	3	3
HG02291	3	3
HG01054	3	3
NA12778	4	3
HG02698	3	3
HG00589	3	3
HG00512	1	3
HG02237	3	3
NA07031	3	3
HG01746	3	3
HG02009	7	3
NA10854	3	3
HG01703	4	3
HG01138	3	3
HG01524	3	3
HG03190	3	3
HG02512	3	1
NA18911	3	3
HG01110	3	3
HG01777	3	4
HG02862	8	3
HG01107	4	3
HG00653	3	3
NA07349	3	3
NA20356	3	6
HG03168	3	3
HG03469	3	3
HG03015	3	3
HG01109	6	3
HG02595	3	3
NA19681	3	3
HG02495	3	3
HG03125	3	6
HG02790	3	3
HG02586	8	3
HG01551	3	3
NA10865	4	3
HG01755	3	3
HG01516	4	3
HG01513	3	4
HG03583	7	3
HG02772	11	3
HG01946	3	4
NA19771	3	3
HG01610	4	4
HG02235	3	3
HG01248	7	3
NA10860	3	4
HG01376	3	3
HG02677	7	6
HG01682	6	3
NA18857	3	3
NA11840	3	3
HG02232	3	3
NA19657	3	3
HG01526	3	3
HG02630	6	3
HG00553	3	3
NA19774	3	3
NA19794	4	3
HG04127	3	1
NA19651	3	3
NA11995	3	3
HG02839	3	8
HG02019	3	3
HG01137	3	3
HG01536	4	3
HG01921	3	3
HG02069	3	3
HG01072	4	4
HG02060	3	1
HG03045	9	3
HG04122	1	1
HG01880	3	3
NA19654	3	4
HG01968	3	3
NA19247	7	3
HG01510	3	9
HG01782	4	3
HG01514	4	3
HG01938	3	3
NA10836	4	3
NA18910	3	3
HG01462	9	13
HG03065	3	3
HG01067	4	4
NA19664	3	4
HG01748	3	3
NA19755	3	3
NA19761	3	7
HG00694	3	1
